index_number,country,shirt_number,fifa_name,date_birth,position,club,assists,appearances,minutes,appearances_per_assist,minutes_per_assist
1,Argentina,1,Nahuel GUZMAN,10.02.1986,GK,Tigres (MEX),0,0,0,0,0
2,Argentina,2,Gabriel MERCADO,18.03.1987,DF,Sevilla FC (ESP),6,91,7449,15.166666666666666,1241.5
3,Argentina,3,Nicolas TAGLIAFICO,31.08.1992,DF,Ajax (NED),5,65,5753,13.0,1150.6
4,Argentina,4,Cristian ANSALDI,20.09.1986,DF,Torino (ITA),5,51,3683,10.2,736.6
5,Argentina,5,Lucas BIGLIA,30.01.1986,MF,AC Milan (ITA),6,71,5559,11.833333333333334,926.5
6,Argentina,6,Federico FAZIO,17.03.1987,DF,AS Roma (ITA),3,93,7788,31.0,2596.0
7,Argentina,7,Ever BANEGA,29.06.1988,MF,Sevilla FC (ESP),13,83,5880,6.384615384615385,452.3076923076923
8,Argentina,8,Marcos ACUNA,28.10.1991,DF,Sporting CP (POR),20,91,6999,4.55,349.95
9,Argentina,9,Gonzalo HIGUAIN,10.12.1987,FW,Juventus (ITA),12,105,8363,8.75,696.9166666666666
10,Argentina,10,Lionel MESSI,24.06.1987,FW,FC Barcelona (ESP),36,106,8920,2.9444444444444446,247.77777777777777
11,Argentina,11,Angel DI MARIA,14.02.1988,MF,Paris Saint-Germain (FRA),27,88,6210,3.259259259259259,230.0
12,Argentina,12,Franco ARMANI,16.10.1986,GK,River Plate (ARG),0,0,0,0,0
13,Argentina,13,Maximiliano MEZA,15.12.1992,MF,Independiente (ARG),10,61,4197,6.1,419.7
14,Argentina,14,Javier MASCHERANO,08.06.1984,DF,Hebei Huabei (CHN),5,63,4881,12.6,976.2
15,Argentina,15,Manuel LANZINI,15.02.1993,MF,West Ham United (ENG),11,68,5182,6.181818181818182,471.09090909090907
16,Argentina,16,Marcos ROJO,20.03.1990,DF,Manchester United (ENG),2,53,4053,26.5,2026.5
17,Argentina,17,Nicolas OTAMENDI,12.02.1988,DF,Manchester City (ENG),3,89,7840,29.666666666666668,2613.3333333333335
18,Argentina,18,Eduardo SALVIO,13.07.1990,DF,Benfica (POR),16,76,5181,4.75,323.8125
19,Argentina,19,Sergio AGUERO,02.06.1988,FW,Manchester City (ENG),13,84,6436,6.461538461538462,495.0769230769231
20,Argentina,20,Giovani LO CELSO,09.04.1996,MF,Paris Saint-Germain (FRA),12,71,3563,5.916666666666667,296.9166666666667
21,Argentina,21,Paulo DYBALA,15.11.1993,FW,Juventus (ITA),16,94,6748,5.875,421.75
22,Argentina,22,Cristian PAVON,21.01.1996,MF,Boca Juniors (ARG),27,69,5970,2.5555555555555554,221.11111111111111
23,Argentina,23,Wilfredo CABALLERO,28.09.1981,GK,Chelsea (ENG),0,0,0,0,0
24,Australia,1,Mathew RYAN,08.04.1992,GK,Brighton (ENG),0,0,0,0,0
25,Australia,2,Milos DEGENEK,28.04.1994,DF,Yokohama F Marinos (JPN),1,52,4489,52.0,4489.0
26,Australia,3,James MEREDITH,05.04.1988,DF,Millwall (ENG),1,95,8341,95.0,8341.0
27,Australia,4,Tim CAHILL,06.12.1979,FW,Millwall (ENG),1,54,2922,54.0,2922.0
28,Australia,5,Mark MILLIGAN,04.08.1985,DF,Al Ahli (KSA),1,53,4493,53.0,4493.0
29,Australia,6,Matthew JURMAN,08.12.1989,DF,Suwon Samsung Bluewings (KOR),2,53,4580,26.5,2290.0
30,Australia,7,Mathew LECKIE,04.02.1991,FW,Hertha BSC (GER),6,61,4353,10.166666666666666,725.5
31,Australia,8,Massimo LUONGO,25.09.1992,MF,Queens Park Rangers (ENG),6,77,6594,12.833333333333334,1099.0
32,Australia,9,Tomi JURIC,22.07.1991,FW,FC Luzern (SUI),11,66,4627,6.0,420.6363636363636
33,Australia,10,Robbie KRUSE,05.10.1988,FW,VfL Bochum (GER),9,38,3102,4.222222222222222,344.6666666666667
34,Australia,11,Andrew NABBOUT,17.12.1992,FW,Urawa Reds (JPN),8,54,4289,6.75,536.125
35,Australia,12,Brad JONES,19.03.1982,GK,Feyenoord (NED),0,0,0,0,0
36,Australia,13,Aaron MOOY,15.09.1990,MF,Huddersfield (ENG),14,89,7502,6.357142857142857,535.8571428571429
37,Australia,14,Jamie MacLAREN,29.07.1993,FW,Hibernian (SCO),3,57,3856,19.0,1285.3333333333333
38,Australia,15,Mile JEDINAK,03.08.1984,MF,Aston Villa (ENG),2,63,4803,31.5,2401.5
39,Australia,16,Aziz BEHICH,16.12.1990,DF,Bursaspor (TUR),4,68,6009,17.0,1502.25
40,Australia,17,Daniel ARZANI,04.01.1999,FW,Melbourne City Football Club (AUS),3,24,1252,8.0,417.3333333333333
41,Australia,18,Danny VUKOVIC,27.03.1985,GK,Racing Genk (BEL),0,0,0,0,0
42,Australia,19,Joshua RISDON,27.07.1992,DF,rn Sydney Wanderers FC Pty Ltd (AUS),6,44,3902,7.333333333333333,650.3333333333334
43,Australia,20,Trent SAINSBURY,05.01.1992,DF,Grasshoppers (SUI),2,56,4472,28.0,2236.0
44,Australia,21,Dimitrios PETRATOS,10.11.1992,FW,Newcastle Jets (AUS),12,50,3872,4.166666666666667,322.6666666666667
45,Australia,22,Jackson IRVINE,07.03.1993,MF,Hull City (ENG),6,86,6743,14.333333333333334,1123.8333333333333
46,Australia,23,Tom ROGIC,16.12.1992,MF,Celtic (SCO),15,78,4777,5.2,318.46666666666664
47,Belgium,1,Thibaut COURTOIS,11.05.1992,GK,Chelsea (ENG),0,0,0,0,0
48,Belgium,2,Toby ALDERWEIRELD,02.03.1989,DF,Tottenham Hotspur (ENG),1,60,5066,60.0,5066.0
49,Belgium,3,Thomas VERMAELEN,14.11.1985,DF,FC Barcelona (ESP),1,32,2121,32.0,2121.0
50,Belgium,4,Vincent KOMPANY,10.04.1986,DF,Manchester City (ENG),1,36,2923,36.0,2923.0
51,Belgium,5,Jan VERTONGHEN,24.04.1987,DF,Tottenham Hotspur (ENG),1,90,7993,90.0,7993.0
52,Belgium,6,Axel WITSEL,12.01.1989,MF,Tianjin Quanjian Football Club (CHN),6,69,5992,11.5,998.6666666666666
53,Belgium,7,Kevin DE BRUYNE,28.06.1991,MF,Manchester City (ENG),44,101,8098,2.2954545454545454,184.04545454545453
54,Belgium,8,Marouane FELLAINI,22.11.1987,MF,Manchester United (ENG),3,70,3529,23.333333333333332,1176.3333333333333
55,Belgium,9,Romelu LUKAKU,13.05.1993,FW,Manchester United (ENG),16,90,7518,5.625,469.875
56,Belgium,10,Eden HAZARD,07.01.1991,FW,Chelsea (ENG),20,95,7177,4.75,358.85
57,Belgium,11,Yannick CARRASCO,04.09.1993,MF,Dalian Yifang Football Club (CHN),13,92,5883,7.076923076923077,452.53846153846155
58,Belgium,12,Simon MIGNOLET,06.03.1988,GK,Liverpool (ENG),0,0,0,0,0
59,Belgium,13,Koen CASTEELS,25.06.1992,GK,VfL Wolfsburg (GER),0,0,0,0,0
60,Belgium,14,Dries MERTENS,06.05.1987,FW,Naples (ITA),27,95,7022,3.5185185185185186,260.0740740740741
61,Belgium,15,Thomas MEUNIER,12.09.1991,DF,Paris Saint-Germain (FRA),14,70,5097,5.0,364.07142857142856
62,Belgium,16,Thorgan HAZARD,29.03.1993,MF,Borussia Moenchengladbach (GER),16,70,5483,4.375,342.6875
63,Belgium,17,Youri TIELEMANS,07.05.1997,MF,AS Monaco (FRA),17,88,6490,5.176470588235294,381.7647058823529
64,Belgium,18,Adnan JANUZAJ,05.02.1995,FW,Real Sociedad (ESP),9,64,3960,7.111111111111111,440.0
65,Belgium,19,Moussa DEMBELE,16.07.1987,MF,Tottenham Hotspur (ENG),2,78,5080,39.0,2540.0
66,Belgium,20,Dedryck BOYATA,28.11.1990,DF,Celtic (SCO),5,61,5265,12.2,1053.0
67,Belgium,21,Michy BATSHUAYI,02.10.1993,FW,Borussia Dortmund (GER),6,69,3121,11.5,520.1666666666666
68,Belgium,22,Nacer CHADLI,02.08.1989,MF,West Bromwich Albion FC (ENG),5,40,2571,8.0,514.2
69,Belgium,23,Leander DENDONCKER,15.04.1995,DF,Anderlecht (BEL),3,101,8913,33.666666666666664,2971.0
70,Brazil,1,ALISSON,02.10.1992,GK,AS Roma (ITA),0,0,0,0,0
71,Brazil,2,THIAGO SILVA,22.09.1984,DF,Paris Saint-Germain (FRA),2,79,6821,39.5,3410.5
72,Brazil,3,MIRANDA,07.09.1984,DF,Internazionale (ITA),0,67,5933,0,0
73,Brazil,4,PEDRO GEROMEL,21.09.1985,DF,Grêmio (BRA),4,71,6375,17.75,1593.75
74,Brazil,5,CASEMIRO,23.02.1992,MF,Real Madrid (ESP),7,90,7258,12.857142857142858,1036.857142857143
75,Brazil,6,FILIPE LUIS,09.08.1985,DF,Atlético Madrid (ESP),10,76,6592,7.6,659.2
76,Brazil,7,DOUGLAS COSTA,14.09.1990,FW,Juventus (ITA),23,81,4837,3.5217391304347827,210.30434782608697
77,Brazil,8,RENATO AUGUSTO,08.02.1988,MF,Beijing Guoan (CHN),13,68,5734,5.230769230769231,441.0769230769231
78,Brazil,9,GABRIEL JESUS,03.04.1997,FW,Manchester City (ENG),14,81,5649,5.785714285714286,403.5
79,Brazil,10,NEYMAR,05.02.1992,FW,Paris Saint-Germain (FRA),44,75,6669,1.7045454545454546,151.5681818181818
80,Brazil,11,PHILIPPE COUTINHO,12.06.1992,MF,FC Barcelona (ESP),23,78,5523,3.391304347826087,240.1304347826087
81,Brazil,12,MARCELO,12.05.1988,DF,Real Madrid (ESP),25,91,7549,3.64,301.96
82,Brazil,13,MARQUINHOS,14.05.1994,DF,Paris Saint-Germain (FRA),3,85,7462,28.333333333333332,2487.3333333333335
83,Brazil,14,DANILO,15.07.1991,DF,Manchester City (ENG),5,63,4593,12.6,918.6
84,Brazil,15,PAULINHO,25.07.1988,MF,FC Barcelona (ESP),12,122,9036,10.166666666666666,753.0
85,Brazil,16,CASSIO,06.06.1987,GK,BRA (BRA),0,0,0,0,0
86,Brazil,17,FERNANDINHO,04.05.1985,MF,Manchester City (ENG),7,92,7673,13.142857142857142,1096.142857142857
87,Brazil,18,FRED,05.03.1993,MF,Shakhtar Donetsk (UKR),11,66,5767,6.0,524.2727272727273
88,Brazil,19,WILLIAN,09.08.1988,MF,Chelsea (ENG),17,96,5079,5.647058823529412,298.7647058823529
89,Brazil,20,ROBERTO FIRMINO,02.10.1991,FW,Liverpool (ENG),28,95,7651,3.392857142857143,273.25
90,Brazil,21,TAISON,13.01.1988,FW,Shakhtar Donetsk (UKR),18,76,5616,4.222222222222222,312.0
91,Brazil,22,FAGNER,11.06.1989,DF,BRA (BRA),6,78,6937,13.0,1156.1666666666667
92,Brazil,23,EDERSON,17.08.1993,GK,Manchester City (ENG),0,0,0,0,0
93,Colombia,1,David OSPINA,31.08.1988,GK,Arsenal (ENG),0,0,0,0,0
94,Colombia,2,Cristian ZAPATA,30.09.1986,DF,AC Milan (ITA),0,36,2972,0,0
95,Colombia,3,Oscar MURILLO,18.04.1988,DF,MEX (MEX),0,75,6680,0,0
96,Colombia,4,Santiago ARIAS,13.01.1992,DF,PSV (NED),12,69,6165,5.75,513.75
97,Colombia,5,Wilmar BARRIOS,16.10.1993,MF,Boca Juniors (ARG),2,50,3732,25.0,1866.0
98,Colombia,6,Carlos SANCHEZ,06.02.1986,MF,RCD Espanyol (ESP),1,66,4378,66.0,4378.0
99,Colombia,7,Carlos BACCA,08.09.1986,FW,Villarreal CF (ESP),12,77,5429,6.416666666666667,452.4166666666667
100,Colombia,8,Abel AGUILAR,06.01.1985,MF,Cali (COL),0,10,819,0,0
101,Colombia,9,Radamel FALCAO,10.02.1986,FW,AS Monaco (FRA),11,79,5835,7.181818181818182,530.4545454545455
102,Colombia,10,James RODRIGUEZ,12.07.1991,MF,Bayern München (GER),26,72,4527,2.769230769230769,174.1153846153846
103,Colombia,11,Juan CUADRADO,26.05.1988,MF,Juventus (ITA),20,74,4822,3.7,241.1
104,Colombia,12,Camilo VARGAS,09.03.1989,GK,Cali (COL),0,0,0,0,0
105,Colombia,13,Yerry MINA,23.09.1994,DF,FC Barcelona (ESP),3,51,4141,17.0,1380.3333333333333
106,Colombia,14,Luis MURIEL,16.04.1991,FW,Sevilla FC (ESP),13,79,4826,6.076923076923077,371.2307692307692
107,Colombia,15,Mateus URIBE,21.03.1991,MF,America (MEX),3,49,3872,16.333333333333332,1290.6666666666667
108,Colombia,16,Jefferson LERMA,25.10.1994,MF,Levante UD (ESP),2,59,4035,29.5,2017.5
109,Colombia,17,Johan MOJICA,21.08.1992,DF,Girona Futbol Club (ESP),6,49,3253,8.166666666666666,542.1666666666666
110,Colombia,18,Frank FABRA,22.02.1991,DF,Boca Juniors (ARG),8,56,4808,7.0,601.0
111,Colombia,19,Miguel BORJA,26.01.1993,FW,Palmeiras (BRA),4,62,4101,15.5,1025.25
112,Colombia,20,Juan QUINTERO,18.01.1993,MF,River Plate (ARG),2,20,1123,10.0,561.5
113,Colombia,21,Jose IZQUIERDO,07.07.1992,FW,Brighton (ENG),7,72,4850,10.285714285714286,692.8571428571429
114,Colombia,22,Jose CUADRADO,01.06.1985,GK,Once Caldas (COL),0,0,0,0,0
115,Colombia,23,Davinson SANCHEZ,12.06.1996,DF,Tottenham Hotspur (ENG),2,113,9826,56.5,4913.0
116,Costa Rica,1,Keylor NAVAS,15.12.1986,GK,Real Madrid (ESP),0,0,0,0,0
117,Costa Rica,2,Johnny ACOSTA,21.07.1983,DF,Águilas Doradas Rionegro (COL),0,60,5298,0,0
118,Costa Rica,3,Giancarlo GONZALEZ,08.02.1988,DF,Bologna (ITA),0,44,3610,0,0
119,Costa Rica,4,Ian SMITH,06.03.1998,DF,Norrkoping (SWE),3,47,3750,15.666666666666666,1250.0
120,Costa Rica,5,Celso BORGES,27.05.1988,MF,Deportivo La Coruña (ESP),3,70,5158,23.333333333333332,1719.3333333333333
121,Costa Rica,6,Oscar DUARTE,03.06.1989,DF,RCD Espanyol (ESP),0,30,2490,0,0
122,Costa Rica,7,Christian BOLANOS,17.05.1984,MF,Saprissa (CRC),16,67,5004,4.1875,312.75
123,Costa Rica,8,Bryan OVIEDO,18.02.1990,DF,Sunderland (ENG),5,54,4242,10.8,848.4
124,Costa Rica,9,Daniel COLINDRES,10.01.1985,MF,Saprissa (CRC),18,110,9345,6.111111111111111,519.1666666666666
125,Costa Rica,10,Bryan RUIZ,18.08.1985,MF,Sporting CP (POR),11,75,4543,6.818181818181818,413.0
126,Costa Rica,11,Johan VENEGAS,27.11.1988,FW,Saprissa (CRC),8,73,4017,9.125,502.125
127,Costa Rica,12,Joel CAMPBELL,26.06.1992,FW,Real Betis (ESP),5,38,1478,7.6,295.6
128,Costa Rica,13,Rodney WALLACE,17.06.1988,MF,New York City Football Club (USA),10,59,4256,5.9,425.6
129,Costa Rica,14,Randall AZOFEIFA,30.12.1984,MF,Herediano (CRC),2,92,7664,46.0,3832.0
130,Costa Rica,15,Francisco CALVO,08.07.1992,DF,Minnesota (USA),2,67,5960,33.5,2980.0
131,Costa Rica,16,Cristian GAMBOA,24.10.1989,DF,Celtic (SCO),1,26,1762,26.0,1762.0
132,Costa Rica,17,Yeltsin TEJEDA,17.03.1992,MF,Lausanne (SUI),3,33,2034,11.0,678.0
133,Costa Rica,18,Patrick PEMBERTON,24.04.1982,GK,Alajuelense (CRC),0,0,0,0,0
134,Costa Rica,19,Kendall WASTON,01.01.1988,DF,Vancouver Whitecaps (CAN),5,76,6690,15.2,1338.0
135,Costa Rica,20,David GUZMAN,18.02.1990,MF,Portland Timbers (USA),6,57,4502,9.5,750.3333333333334
136,Costa Rica,21,Marcos URENA,05.03.1990,FW,Los Angeles Football Club (USA),7,49,2861,7.0,408.7142857142857
137,Costa Rica,22,Ronald MATARRITA,09.07.1994,DF,New York City Football Club (USA),4,50,3329,12.5,832.25
138,Costa Rica,23,Leonel MOREIRA,02.04.1990,GK,Herediano (CRC),0,0,0,0,0
139,Croatia,1,Dominik LIVAKOVIC,09.01.1995,GK,Dinamo Zagreb (CRO),0,0,0,0,0
140,Croatia,2,Sime VRSALJKO,10.01.1992,DF,Atlético Madrid (ESP),7,54,3928,7.714285714285714,561.1428571428571
141,Croatia,3,Ivan STRINIC,17.07.1987,DF,Sampdoria (ITA),4,33,2600,8.25,650.0
142,Croatia,4,Ivan PERISIC,02.02.1989,FW,Internazionale (ITA),23,81,6531,3.5217391304347827,283.95652173913044
143,Croatia,5,Vedran CORLUKA,05.02.1986,DF,Lokomotiv Moskva (RUS),2,29,2350,14.5,1175.0
144,Croatia,6,Dejan LOVREN,05.07.1989,DF,Liverpool (ENG),3,76,6253,25.333333333333332,2084.3333333333335
145,Croatia,7,Ivan RAKITIC,10.03.1988,MF,FC Barcelona (ESP),12,106,7790,8.833333333333334,649.1666666666666
146,Croatia,8,Mateo KOVACIC,06.05.1994,MF,Real Madrid (ESP),6,75,3977,12.5,662.8333333333334
147,Croatia,9,Andrej KRAMARIC,19.06.1991,FW,1899 Hoffenheim (GER),17,78,5511,4.588235294117647,324.1764705882353
148,Croatia,10,Luka MODRIC,09.09.1985,MF,Real Madrid (ESP),13,84,6643,6.461538461538462,511.0
149,Croatia,11,Marcelo BROZOVIC,16.11.1992,MF,Internazionale (ITA),13,61,4106,4.6923076923076925,315.84615384615387
150,Croatia,12,Lovre KALINIC,03.04.1990,GK,AA Gent (BEL),0,0,0,0,0
151,Croatia,13,Tin JEDVAJ,28.11.1995,DF,Bayer Leverkusen (GER),0,33,2425,0,0
152,Croatia,14,Filip BRADARIC,11.01.1992,MF,NK Rijeka (CRO),11,82,6934,7.454545454545454,630.3636363636364
153,Croatia,15,Duje CALETA-CAR,17.09.1996,DF,Red Bull Salzburg (AUT),4,84,7238,21.0,1809.5
154,Croatia,16,Nikola KALINIC,05.01.1988,FW,AC Milan (ITA),10,83,5431,8.3,543.1
155,Croatia,17,Mario MANDZUKIC,21.05.1986,FW,Juventus (ITA),12,93,7087,7.75,590.5833333333334
156,Croatia,18,Ante REBIC,21.09.1993,FW,Eintracht Frankfurt (GER),5,56,3773,11.2,754.6
157,Croatia,19,Milan BADELJ,25.02.1989,MF,Fiorentina (ITA),4,68,5547,17.0,1386.75
158,Croatia,20,Marko PJACA,06.05.1995,FW,Schalke 04 (GER),4,35,1431,8.75,357.75
159,Croatia,21,Domagoj VIDA,29.04.1989,DF,Besiktas (TUR),2,75,6044,37.5,3022.0
160,Croatia,22,Josip PIVARIC,30.01.1989,DF,Dynamo Kyiv (UKR),2,67,5557,33.5,2778.5
161,Croatia,23,Danijel SUBASIC,27.10.1984,GK,AS Monaco (FRA),0,0,0,0,0
162,Denmark,1,Kasper SCHMEICHEL,05.11.1986,GK,Leicester (ENG),0,0,0,0,0
163,Denmark,2,Michael KROHN-DEHLI,06.06.1983,MF,Deportivo La Coruña (ESP),1,32,1709,32.0,1709.0
164,Denmark,3,Jannik VESTERGAARD,03.08.1992,DF,Borussia Moenchengladbach (GER),1,83,6903,83.0,6903.0
165,Denmark,4,Simon KJAER,26.03.1989,DF,Sevilla FC (ESP),2,70,5866,35.0,2933.0
166,Denmark,5,Jonas KNUDSEN,16.09.1992,DF,Ipswich Town (ENG),7,83,7348,11.857142857142858,1049.7142857142858
167,Denmark,6,Andreas CHRISTENSEN,10.04.1996,DF,Chelsea (ENG),0,83,6988,0,0
168,Denmark,7,William KVIST,24.02.1985,MF,FC København (DEN),4,92,7117,23.0,1779.25
169,Denmark,8,Thomas DELANEY,03.09.1991,MF,Werder Bremen (GER),12,79,6642,6.583333333333333,553.5
170,Denmark,9,Nicolai JORGENSEN,15.01.1991,FW,Feyenoord (NED),20,76,6180,3.8,309.0
171,Denmark,10,Christian ERIKSEN,14.02.1992,MF,Tottenham Hotspur (ENG),36,95,8017,2.638888888888889,222.69444444444446
172,Denmark,11,Martin BRAITHWAITE,05.06.1991,FW,Girondins Bordeaux (FRA),8,71,5623,8.875,702.875
173,Denmark,12,Kasper DOLBERG,06.10.1997,FW,Ajax (NED),10,78,5108,7.8,510.8
174,Denmark,13,Mathias JORGENSEN,23.04.1990,DF,Huddersfield (ENG),3,91,8205,30.333333333333332,2735.0
175,Denmark,14,Henrik DALSGAARD,27.07.1989,DF,Brentford (ENG),5,51,4274,10.2,854.8
176,Denmark,15,Viktor FISCHER,09.06.1994,FW,FC København (DEN),12,49,2821,4.083333333333333,235.08333333333334
177,Denmark,16,Jonas LOSSL,01.02.1989,GK,Huddersfield (ENG),0,0,0,0,0
178,Denmark,17,Jens STRYGER LARSEN,21.02.1991,DF,Udinese (ITA),4,83,7289,20.75,1822.25
179,Denmark,18,Lukas LERAGER,12.07.1993,MF,Girondins Bordeaux (FRA),5,84,7344,16.8,1468.8
180,Denmark,19,Lasse SCHONE,27.05.1986,MF,Ajax (NED),9,79,6135,8.777777777777779,681.6666666666666
181,Denmark,20,Yussuf Yurary POULSEN,15.06.1994,FW,RasenBallsport Leipzig (GER),13,71,4429,5.461538461538462,340.6923076923077
182,Denmark,21,Andreas CORNELIUS,16.03.1993,FW,Atalanta Bergamo (ITA),10,80,4618,8.0,461.8
183,Denmark,22,Frederik RONNOW,04.08.1992,GK,Brøndby IF (DEN),0,0,0,0,0
184,Denmark,23,Pione SISTO,04.02.1995,FW,Celta (ESP),14,92,6002,6.571428571428571,428.7142857142857
185,Egypt,1,ESSAM ELHADARY,15.01.1973,GK,Al Taawoun Football Club (KSA),0,0,0,0,0
186,Egypt,2,ALI GABR,01.01.1989,DF,West Bromwich Albion FC (ENG),0,63,5620,0,0
187,Egypt,3,AHMED ELMOHAMADY,09.09.1987,DF,Aston Villa (ENG),7,82,6140,11.714285714285714,877.1428571428571
188,Egypt,4,OMAR GABER,30.01.1992,MF,Los Angeles Football Club (USA),3,30,2019,10.0,673.0
189,Egypt,5,SAM MORSY,10.09.1991,MF,Wigan Athletic (ENG),7,78,6589,11.142857142857142,941.2857142857143
190,Egypt,6,AHMED HEGAZY,25.01.1991,DF,West Bromwich Albion FC (ENG),0,68,5977,0,0
191,Egypt,7,AHMED FATHI,10.11.1984,DF,Al Ahly Cairo (EGY),14,82,7351,5.857142857142857,525.0714285714286
192,Egypt,8,TAREK HAMED,24.10.1988,MF,Zamalek (EGY),3,77,6785,25.666666666666668,2261.6666666666665
193,Egypt,9,MARWAN MOHSEN,26.02.1989,FW,Al Ahly Cairo (EGY),1,22,1338,22.0,1338.0
194,Egypt,10,MOHAMED SALAH,15.06.1992,FW,Liverpool (ENG),31,93,7304,3.0,235.61290322580646
195,Egypt,11,KAHRABA,13.04.1994,FW,Al Ittihad (Jeddah) (KSA),10,57,4672,5.7,467.2
196,Egypt,12,AYMAN ASHRAF,09.04.1991,DF,Al Ahly Cairo (EGY),2,61,5295,30.5,2647.5
197,Egypt,13,MOHAMED ABDELSHAFY,01.07.1985,DF,Al Fath (KSA),6,49,4180,8.166666666666666,696.6666666666666
198,Egypt,14,RAMADAN SOBHY,23.01.1997,FW,Stoke (ENG),5,53,3055,10.6,611.0
199,Egypt,15,MAHMOUD HAMDY,01.06.1995,DF,Zamalek (EGY),1,60,5326,60.0,5326.0
200,Egypt,16,SHERIF EKRAMY,10.07.1983,GK,Al Ahly Cairo (EGY),0,0,0,0,0
201,Egypt,17,MOHAMED ELNENY,11.07.1992,MF,Arsenal (ENG),6,56,3384,9.333333333333334,564.0
202,Egypt,18,SHIKABALA,05.03.1986,FW,Al-Raed Sports Club (KSA),19,68,4823,3.5789473684210527,253.8421052631579
203,Egypt,19,ABDALLA SAID,13.07.1985,MF,Kuopion Palloseura (FIN),26,79,6578,3.0384615384615383,253.0
204,Egypt,20,SAMIR SAAD,01.04.1989,DF,Al Masry (EGY),0,67,5855,0,0
205,Egypt,21,TREZEGUET,01.10.1994,MF,Kasimpasa SK (TUR),13,64,5163,4.923076923076923,397.15384615384613
206,Egypt,22,AMR WARDA,17.09.1993,FW,Atromitos FC (GRE),14,57,4650,4.071428571428571,332.14285714285717
207,Egypt,23,MOHAMED ELSHENAWY,18.12.1988,GK,Al Ahly Cairo (EGY),0,0,0,0,0
208,England,1,Jordan PICKFORD,07.03.1994,GK,Everton (ENG),0,0,0,0,0
209,England,2,Kyle WALKER,28.05.1990,DF,Manchester City (ENG),13,87,7018,6.6923076923076925,539.8461538461538
210,England,3,Danny ROSE,02.07.1990,DF,Tottenham Hotspur (ENG),5,38,3122,7.6,624.4
211,England,4,Eric DIER,15.01.1994,MF,Tottenham Hotspur (ENG),5,94,7903,18.8,1580.6
212,England,5,John STONES,28.05.1994,DF,Manchester City (ENG),0,70,5404,0,0
213,England,6,Harry MAGUIRE,05.03.1993,DF,Leicester (ENG),6,80,6967,13.333333333333334,1161.1666666666667
214,England,7,Jesse LINGARD,15.12.1992,MF,Manchester United (ENG),10,90,4860,9.0,486.0
215,England,8,Jordan HENDERSON,17.06.1990,MF,Liverpool (ENG),6,68,5663,11.333333333333334,943.8333333333334
216,England,9,Harry KANE,28.07.1993,FW,Tottenham Hotspur (ENG),12,86,7107,7.166666666666667,592.25
217,England,10,Raheem STERLING,08.12.1994,FW,Manchester City (ENG),38,93,7195,2.4473684210526314,189.3421052631579
218,England,11,Jamie VARDY,11.01.1987,FW,Leicester (ENG),8,90,7364,11.25,920.5
219,England,12,Kieran TRIPPIER,19.09.1990,DF,Tottenham Hotspur (ENG),16,57,4368,3.5625,273.0
220,England,13,Jack BUTLAND,10.03.1993,GK,Stoke (ENG),0,0,0,0,0
221,England,14,Danny WELBECK,26.11.1990,FW,Arsenal (ENG),6,65,3419,10.833333333333334,569.8333333333334
222,England,15,Gary CAHILL,19.12.1985,DF,Chelsea (ENG),1,86,7226,86.0,7226.0
223,England,16,Phil JONES,21.02.1992,DF,Manchester United (ENG),0,51,4374,0,0
224,England,17,Fabian DELPH,21.11.1989,DF,Manchester City (ENG),2,42,2839,21.0,1419.5
225,England,18,Ashley YOUNG,09.07.1985,DF,Manchester United (ENG),8,62,4625,7.75,578.125
226,England,19,Marcus RASHFORD,31.10.1997,FW,Manchester United (ENG),15,105,5744,7.0,382.93333333333334
227,England,20,Dele ALLI,11.04.1996,MF,Tottenham Hotspur (ENG),30,100,7804,3.3333333333333335,260.1333333333333
228,England,21,Ruben LOFTUS-CHEEK,23.01.1996,MF,Chelsea (ENG),7,36,2308,5.142857142857143,329.7142857142857
229,England,22,Trent ALEXANDER-ARNOLD,07.10.1998,DF,Liverpool (ENG),8,58,4407,7.25,550.875
230,England,23,Nick POPE,19.04.1992,GK,Burnley (ENG),0,0,0,0,0
231,France,1,Hugo LLORIS,26.12.1986,GK,Tottenham Hotspur (ENG),0,0,0,0,0
232,France,2,Benjamin PAVARD,28.03.1996,DF,VfB Stuttgart (GER),2,57,4969,28.5,2484.5
233,France,3,Presnel KIMPEMBE,13.08.1995,DF,Paris Saint-Germain (FRA),0,66,5726,0,0
234,France,4,Raphael VARANE,25.04.1993,DF,Real Madrid (ESP),4,83,7182,20.75,1795.5
235,France,5,Samuel UMTITI,14.11.1993,DF,FC Barcelona (ESP),0,83,7268,0,0
236,France,6,Paul POGBA,15.03.1993,MF,Manchester United (ENG),18,88,7229,4.888888888888889,401.6111111111111
237,France,7,Antoine GRIEZMANN,21.03.1991,FW,Atlético Madrid (ESP),27,102,8431,3.7777777777777777,312.25925925925924
238,France,8,Thomas LEMAR,12.11.1995,FW,AS Monaco (FRA),27,93,7083,3.4444444444444446,262.3333333333333
239,France,9,Olivier GIROUD,30.09.1986,FW,Chelsea (ENG),10,84,3967,8.4,396.7
240,France,10,Kylian MBAPPE,20.12.1998,FW,Paris Saint-Germain (FRA),30,90,6217,3.0,207.23333333333332
241,France,11,Ousmane DEMBELE,15.05.1997,FW,FC Barcelona (ESP),30,73,4637,2.433333333333333,154.56666666666666
242,France,12,Corentin TOLISSO,03.08.1994,MF,Bayern München (GER),14,87,6289,6.214285714285714,449.2142857142857
243,France,13,Ngolo KANTE,29.03.1991,MF,Chelsea (ENG),3,89,7763,29.666666666666668,2587.6666666666665
244,France,14,Blaise MATUIDI,09.04.1987,MF,Juventus (ITA),9,101,6977,11.222222222222221,775.2222222222222
245,France,15,Steven NZONZI,15.12.1988,MF,Sevilla FC (ESP),5,90,7779,18.0,1555.8
246,France,16,Steve MANDANDA,28.03.1985,GK,Olympique Marseille (FRA),0,0,0,0,0
247,France,17,Adil RAMI,27.12.1985,DF,Olympique Marseille (FRA),2,87,7659,43.5,3829.5
248,France,18,Nabil FEKIR,18.07.1993,FW,Olympique Lyon (FRA),20,89,6622,4.45,331.1
249,France,19,Djibril SIDIBE,29.07.1992,DF,AS Monaco (FRA),17,82,6694,4.823529411764706,393.7647058823529
250,France,20,Florian THAUVIN,26.01.1993,FW,Olympique Marseille (FRA),29,97,7661,3.3448275862068964,264.17241379310343
251,France,21,Lucas HERNANDEZ,14.02.1996,DF,Atlético Madrid (ESP),4,68,5406,17.0,1351.5
252,France,22,Benjamin MENDY,17.07.1994,DF,Manchester City (ENG),12,48,3654,4.0,304.5
253,France,23,Alphonse AREOLA,27.02.1993,GK,Paris Saint-Germain (FRA),0,0,0,0,0
254,Germany,1,Manuel NEUER,27.03.1986,GK,Bayern München (GER),0,0,0,0,0
255,Germany,2,Marvin PLATTENHARDT,26.01.1992,DF,Hertha BSC (GER),12,69,6240,5.75,520.0
256,Germany,3,Jonas HECTOR,27.05.1990,DF,1. FC Köln (GER),4,58,5120,14.5,1280.0
257,Germany,4,Matthias GINTER,19.01.1994,DF,Borussia Moenchengladbach (GER),3,79,6712,26.333333333333332,2237.3333333333335
258,Germany,5,Mats HUMMELS,16.12.1988,DF,Bayern München (GER),7,83,6751,11.857142857142858,964.4285714285714
259,Germany,6,Sami KHEDIRA,04.04.1987,MF,Juventus (ITA),10,85,6713,8.5,671.3
260,Germany,7,Julian DRAXLER,20.09.1993,MF,Paris Saint-Germain (FRA),15,86,5351,5.733333333333333,356.73333333333335
261,Germany,8,Toni KROOS,04.01.1990,MF,Real Madrid (ESP),26,91,7740,3.5,297.6923076923077
262,Germany,9,Timo WERNER,06.03.1996,FW,RasenBallsport Leipzig (GER),17,77,5861,4.529411764705882,344.7647058823529
263,Germany,10,Mesut OEZIL,15.10.1988,MF,Arsenal (ENG),28,79,6699,2.8214285714285716,239.25
264,Germany,11,Marco REUS,31.05.1989,FW,Borussia Dortmund (GER),9,39,2866,4.333333333333333,318.44444444444446
265,Germany,12,Kevin TRAPP,08.07.1990,GK,Paris Saint-Germain (FRA),0,0,0,0,0
266,Germany,13,Thomas MUELLER,13.09.1989,MF,Bayern München (GER),35,87,6129,2.4857142857142858,175.11428571428573
267,Germany,14,Leon GORETZKA,06.02.1995,MF,Schalke 04 (GER),11,70,5606,6.363636363636363,509.6363636363636
268,Germany,15,Niklas SUELE,03.09.1995,DF,Bayern München (GER),5,76,6024,15.2,1204.8
269,Germany,16,Antonio RUEDIGER,03.03.1993,DF,Chelsea (ENG),6,81,6810,13.5,1135.0
270,Germany,17,Jerome BOATENG,03.09.1988,DF,Bayern München (GER),5,52,4086,10.4,817.2
271,Germany,18,Joshua KIMMICH,08.02.1995,DF,Bayern München (GER),19,87,6010,4.578947368421052,316.3157894736842
272,Germany,19,Sebastian RUDY,28.02.1990,MF,Bayern München (GER),15,69,5131,4.6,342.06666666666666
273,Germany,20,Julian BRANDT,02.05.1996,MF,Bayer Leverkusen (GER),18,79,5570,4.388888888888889,309.44444444444446
274,Germany,21,Ilkay GUENDOGAN,24.10.1990,MF,Manchester City (ENG),9,65,4046,7.222222222222222,449.55555555555554
275,Germany,22,Marc-Andre TER STEGEN,30.04.1992,GK,FC Barcelona (ESP),0,0,0,0,0
276,Germany,23,Mario GOMEZ,10.07.1985,FW,VfB Stuttgart (GER),6,68,5644,11.333333333333334,940.6666666666666
277,Iceland,1,Hannes HALLDORSSON,27.04.1984,GK,Randers FC (DEN),0,0,0,0,0
278,Iceland,2,Birkir SAEVARSSON,11.11.1984,DF,Valur (ISL),11,71,6307,6.454545454545454,573.3636363636364
279,Iceland,3,Samuel FRIDJONSSON,22.02.1996,MF,Vålerenga Fotball (NOR),1,36,2271,36.0,2271.0
280,Iceland,4,Albert GUDMUNDSSON,15.06.1997,MF,PSV (NED),16,61,4160,3.8125,260.0
281,Iceland,5,Sverrir INGASON,05.08.1993,DF,FK Rostov (RUS),2,70,6130,35.0,3065.0
282,Iceland,6,Ragnar SIGURDSSON,19.06.1986,DF,FK Rostov (RUS),1,43,3508,43.0,3508.0
283,Iceland,7,Johann GUDMUNDSSON,27.10.1990,MF,Burnley (ENG),11,62,4344,5.636363636363637,394.90909090909093
284,Iceland,8,Birkir BJARNASON,27.05.1988,MF,Aston Villa (ENG),5,57,3196,11.4,639.2
285,Iceland,9,Bjorn SIGURDARSON,26.02.1991,FW,FK Rostov (RUS),4,47,3982,11.75,995.5
286,Iceland,10,Gylfi SIGURDSSON,08.09.1989,MF,Everton (ENG),18,73,6191,4.055555555555555,343.94444444444446
287,Iceland,11,Alfred FINNBOGASON,01.02.1989,FW,FC Augsburg (GER),4,37,3117,9.25,779.25
288,Iceland,12,Frederik SCHRAM,19.01.1995,GK,Roskilde BK (DEN),0,0,0,0,0
289,Iceland,13,Runar RUNARSSON,18.02.1995,GK,FC Nordsjælland (DEN),0,0,0,0,0
290,Iceland,14,Kari ARNASON,13.10.1982,DF,Aberdeen (SCO),1,57,4526,57.0,4526.0
291,Iceland,15,Holmar EYJOLFSSON,06.08.1990,DF,Levski Sofia (BUL),3,82,7187,27.333333333333332,2395.6666666666665
292,Iceland,16,Olafur SKULASON,01.04.1983,MF,Karabukspor (TUR),0,43,2956,0,0
293,Iceland,17,Aron GUNNARSSON,22.04.1989,MF,Cardiff City (WAL),4,61,5213,15.25,1303.25
294,Iceland,18,Hordur MAGNUSSON,11.02.1993,DF,Bristol City (ENG),1,61,4595,61.0,4595.0
295,Iceland,19,Rurik GISLASON,25.02.1988,MF,ortverein Sandhausen 1916 e.V. (GER),1,38,1944,38.0,1944.0
296,Iceland,20,Emil HALLFREDSSON,29.06.1984,MF,Udinese (ITA),4,50,2939,12.5,734.75
297,Iceland,21,Arnor TRAUSTASON,30.04.1993,MF,Malmö FF (SWE),9,58,3618,6.444444444444445,402.0
298,Iceland,22,Jon BODVARSSON,25.05.1992,FW,Reading (ENG),6,84,4435,14.0,739.1666666666666
299,Iceland,23,Ari SKULASON,14.05.1987,DF,Lokeren (BEL),8,67,5809,8.375,726.125
300,Iran,1,Ali BEIRANVAND,21.09.1992,GK,Persepolis Football Club (IRN),0,0,0,0,0
301,Iran,2,Mehdi TORABI,10.09.1994,MF,Saipa (IRN),11,49,4103,4.454545454545454,373.0
302,Iran,3,Ehsan HAJI SAFI,25.02.1990,DF,Olympiacos (GRE),13,56,4967,4.3076923076923075,382.0769230769231
303,Iran,4,Roozbeh CHESHMI,24.07.1993,DF,Esteghlal Tehran (IRN),0,38,3377,0,0
304,Iran,5,Milad MOHAMMADI,29.09.1993,DF,an Football Club Akhmat Grozny (RUS),5,49,4208,9.8,841.6
305,Iran,6,Saeid EZATOLAHI,01.10.1996,MF,FK Amkar Perm (RUS),1,44,2325,44.0,2325.0
306,Iran,7,Masoud SHOJAEI,09.06.1984,MF,AEK Athinai (GRE),10,65,4973,6.5,497.3
307,Iran,8,Morteza POURALIGANJI,19.04.1992,DF,Al Sadd (QAT),0,45,3866,0,0
308,Iran,9,Omid EBRAHIMI,16.09.1987,MF,Esteghlal Tehran (IRN),12,71,6126,5.916666666666667,510.5
309,Iran,10,Karim ANSARIFARD,03.04.1990,FW,Olympiacos (GRE),11,61,4408,5.545454545454546,400.72727272727275
310,Iran,11,Vahid AMIRI,02.04.1988,MF,Persepolis Football Club (IRN),15,75,6242,5.0,416.1333333333333
311,Iran,12,Rashid MAZAHERI,18.05.1989,GK,Zob Ahan Isfahan FC (IRN),0,0,0,0,0
312,Iran,13,Mohammad Reza KHANZADEH,11.05.1991,DF,Padideh Khorasan Football Club (IRN),0,46,4051,0,0
313,Iran,14,Saman GHODDOS,06.09.1993,FW,IFK Östersund FK (SWE),22,84,7068,3.8181818181818183,321.27272727272725
314,Iran,15,Pejman MONTAZERI,06.09.1983,DF,Esteghlal Tehran (IRN),2,35,2837,17.5,1418.5
315,Iran,16,Reza GHOOCHANNEJHAD,20.09.1987,FW,sc Heerenveen (NED),6,75,5950,12.5,991.6666666666666
316,Iran,17,Mehdi TAREMI,18.07.1992,FW,Al Gharrafa (QAT),14,61,4795,4.357142857142857,342.5
317,Iran,18,Alireza JAHANBAKHSH,11.08.1993,FW,AZ (NED),24,82,6603,3.4166666666666665,275.125
318,Iran,19,Majid HOSSEINI,20.06.1996,DF,Esteghlal Tehran (IRN),0,52,4372,0,0
319,Iran,20,Sardar AZMOUN,01.01.1995,FW,Rubin Kazan (RUS),9,69,4027,7.666666666666667,447.44444444444446
320,Iran,21,Ashkan DEJAGAH,05.07.1986,FW,Nottingham Forest FC (ENG),0,5,156,0,0
321,Iran,22,Amir ABEDZADEH,26.04.1993,GK,CS Marítimo (POR),0,0,0,0,0
322,Iran,23,Ramin REZAEIAN,21.03.1990,DF,ninklijke Voetbalklub Oostende (BEL),4,38,2183,9.5,545.75
323,Japan,1,Eiji KAWASHIMA,20.03.1983,GK,FC Metz (FRA),0,0,0,0,0
324,Japan,2,Naomichi UEDA,24.10.1994,DF,Kashima Antlers (JPN),1,90,7901,90.0,7901.0
325,Japan,3,Gen SHOJI,11.12.1992,DF,Kashima Antlers (JPN),1,107,9696,107.0,9696.0
326,Japan,4,Keisuke HONDA,13.06.1986,MF,MEX (MEX),7,41,2672,5.857142857142857,381.7142857142857
327,Japan,5,Yuto NAGATOMO,12.09.1986,DF,Galatasaray (TUR),3,49,3851,16.333333333333332,1283.6666666666667
328,Japan,6,Wataru ENDO,09.02.1993,DF,Urawa Reds (JPN),7,105,9123,15.0,1303.2857142857142
329,Japan,7,Gaku SHIBASAKI,28.05.1992,MF,Getafe CF (ESP),16,84,6030,5.25,376.875
330,Japan,8,Genki HARAGUCHI,09.05.1991,MF,GER (GER),7,58,3565,8.285714285714286,509.2857142857143
331,Japan,9,Shinji OKAZAKI,16.04.1986,FW,Leicester (ENG),5,73,3789,14.6,757.8
332,Japan,10,Shinji KAGAWA,17.03.1989,MF,Borussia Dortmund (GER),15,57,3822,3.8,254.8
333,Japan,11,Takashi USAMI,06.05.1992,MF,GER (GER),10,63,3715,6.3,371.5
334,Japan,12,Masaaki HIGASHIGUCHI,12.05.1986,GK,Gamba Osaka (JPN),0,0,0,0,0
335,Japan,13,Yoshinori MUTO,15.07.1992,FW,Mainz 05 (GER),7,51,3238,7.285714285714286,462.57142857142856
336,Japan,14,Takashi INUI,02.06.1988,MF,Eibar (ESP),6,65,4816,10.833333333333334,802.6666666666666
337,Japan,15,Yuya OSAKO,18.05.1990,FW,1. FC Köln (GER),11,64,4753,5.818181818181818,432.09090909090907
338,Japan,16,Hotaru YAMAGUCHI,06.10.1990,MF,Cerezo Osaka (JPN),4,81,7207,20.25,1801.75
339,Japan,17,Makoto HASEBE,18.01.1984,MF,Eintracht Frankfurt (GER),1,54,4721,54.0,4721.0
340,Japan,18,Ryota OHSHIMA,23.01.1993,MF,Kawasaki Frontale (JPN),7,78,6474,11.142857142857142,924.8571428571429
341,Japan,19,Hiroki SAKAI,12.04.1990,DF,Olympique Marseille (FRA),7,90,7372,12.857142857142858,1053.142857142857
342,Japan,20,Tomoaki MAKINO,11.05.1987,DF,Urawa Reds (JPN),1,107,9504,107.0,9504.0
343,Japan,21,Gotoku SAKAI,14.03.1991,DF,Hamburger SV (GER),3,66,5431,22.0,1810.3333333333333
344,Japan,22,Maya YOSHIDA,24.08.1988,DF,Southampton (ENG),2,65,5674,32.5,2837.0
345,Japan,23,Kosuke NAKAMURA,27.02.1995,GK,JPN (JPN),0,0,0,0,0
346,South Korea,1,KIM Seunggyu,30.09.1990,GK,Vissel Kobe (JPN),0,0,0,0,0
347,South Korea,2,LEE Yong,24.12.1986,DF,Jeonbuk Motors (KOR),4,44,3491,11.0,872.75
348,South Korea,3,JUNG Seunghyun,03.04.1994,DF,Sagan Tosu Football Club (JPN),0,60,4909,0,0
349,South Korea,4,OH Bansuk,20.05.1988,DF,(KOR),1,59,5271,59.0,5271.0
351,South Korea,6,PARK Jooho,16.01.1987,DF,Ulsan Hyundai (KOR),0,26,1849,0,0
352,South Korea,7,SON Heungmin,08.07.1992,FW,Tottenham Hotspur (ENG),21,100,6351,4.761904761904762,302.42857142857144
353,South Korea,8,JU Sejong,30.10.1990,MF,Asan Mugunghwa Football Club (KOR),7,70,5482,10.0,783.1428571428571
354,South Korea,9,KIM Shinwook,14.04.1988,FW,Jeonbuk Motors (KOR),14,87,4714,6.214285714285714,336.7142857142857
355,South Korea,10,LEE Seungwoo,06.01.1998,MF,Verona (ITA),2,23,907,11.5,453.5
356,South Korea,11,HWANG Heechan,26.01.1996,FW,Red Bull Salzburg (AUT),6,72,4171,12.0,695.1666666666666
357,South Korea,12,KIM Minwoo,25.02.1990,DF,Sangmu (KOR),13,86,7167,6.615384615384615,551.3076923076923
358,South Korea,13,KOO Jacheol,27.02.1989,MF,FC Augsburg (GER),4,54,4047,13.5,1011.75
359,South Korea,14,HONG Chul,17.09.1990,DF,Sangmu (KOR),9,44,3858,4.888888888888889,428.6666666666667
360,South Korea,15,JUNG Wooyoung,14.12.1989,MF,Vissel Kobe (JPN),3,63,5647,21.0,1882.3333333333333
361,South Korea,16,KI Sungyueng,24.01.1989,MF,Swansea City (WAL),4,58,3849,14.5,962.25
363,South Korea,18,MOON Seonmin,09.06.1992,MF,Incheon United (KOR),7,60,3751,8.571428571428571,535.8571428571429
364,South Korea,19,KIM Younggwon,27.02.1990,DF,"Guangzhou Evergrande Taobao FC
(CHN)",2,46,3943,23.0,1971.5
365,South Korea,20,JANG Hyunsoo,28.09.1991,DF,FC Tokyo (JPN),2,52,4503,26.0,2251.5
366,South Korea,21,KIM Jinhyeon,06.07.1987,GK,Cerezo Osaka (JPN),0,0,0,0,0
367,South Korea,22,GO Yohan,10.03.1988,DF,FC Seoul (KOR),8,71,5921,8.875,740.125
368,South Korea,23,JO Hyeonwoo,25.09.1991,GK,Daegu FC (KOR),0,0,0,0,0
369,Mexico,1,Jose CORONA,26.01.1981,GK,Cruz Azul (MEX),0,0,0,0,0
370,Mexico,2,Hugo AYALA,31.03.1987,DF,Tigres (MEX),0,93,8264,0,0
371,Mexico,3,Carlos SALCEDO,29.09.1993,DF,Eintracht Frankfurt (GER),1,47,3745,47.0,3745.0
372,Mexico,4,Rafael MARQUEZ,13.02.1979,DF,Atlas (MEX),3,40,3429,13.333333333333334,1143.0
373,Mexico,5,Diego REYES,19.09.1992,DF,FC Porto (POR),1,59,4497,59.0,4497.0
374,Mexico,6,Jonathan DOS SANTOS,26.04.1990,MF,LA Galaxy (USA),5,66,4705,13.2,941.0
375,Mexico,7,Miguel LAYUN,25.06.1988,MF,Sevilla FC (ESP),4,57,3393,14.25,848.25
376,Mexico,8,Marco FABIAN,21.07.1989,FW,Eintracht Frankfurt (GER),4,36,2842,9.0,710.5
377,Mexico,9,Raul JIMENEZ,05.05.1991,FW,Benfica (POR),10,75,2634,7.5,263.4
378,Mexico,10,Giovani DOS SANTOS,11.05.1989,MF,LA Galaxy (USA),11,65,5315,5.909090909090909,483.1818181818182
379,Mexico,11,Carlos VELA,01.03.1989,FW,Los Angeles Football Club (USA),8,68,4521,8.5,565.125
380,Mexico,12,Alfredo TALAVERA,18.09.1982,GK,Toluca (MEX),0,0,0,0,0
381,Mexico,13,Guillermo OCHOA,13.07.1985,GK,Standard Liège (BEL),0,0,0,0,0
382,Mexico,14,Javier HERNANDEZ,01.06.1988,FW,West Ham United (ENG),5,69,4461,13.8,892.2
383,Mexico,15,Hector MORENO,17.01.1988,DF,Real Sociedad (ESP),1,54,4574,54.0,4574.0
384,Mexico,16,Hector HERRERA,19.04.1990,DF,FC Porto (POR),13,77,5624,5.923076923076923,432.61538461538464
385,Mexico,17,Jesus CORONA,06.01.1993,MF,FC Porto (POR),14,82,4397,5.857142857142857,314.07142857142856
386,Mexico,18,Andres GUARDADO,28.09.1986,MF,Real Betis (ESP),17,63,5092,3.7058823529411766,299.52941176470586
387,Mexico,19,Oribe PERALTA,12.01.1984,FW,America (MEX),13,79,6200,6.076923076923077,476.9230769230769
388,Mexico,20,Javier AQUINO,11.02.1990,MF,Tigres (MEX),13,77,6291,5.923076923076923,483.9230769230769
389,Mexico,21,Edson ALVAREZ,24.10.1997,DF,America (MEX),0,55,4192,0,0
390,Mexico,22,Hirving LOZANO,30.07.1995,FW,PSV (NED),18,71,5747,3.9444444444444446,319.27777777777777
391,Mexico,23,Jesus GALLARDO,15.08.1994,MF,Pumas UNAM (MEX),6,71,5858,11.833333333333334,976.3333333333334
392,Morocco,1,Yassine BOUNOU,05.04.1991,GK,Girona Futbol Club (ESP),0,0,0,0,0
393,Morocco,2,Achraf HAKIMI,04.11.1998,DF,Real Madrid (ESP),11,51,4159,4.636363636363637,378.09090909090907
394,Morocco,3,Hamza MENDYL,21.10.1997,DF,Lille OSC (FRA),0,16,1132,0,0
395,Morocco,4,Manuel DA COSTA,06.05.1986,DF,anbul Başakşehir Futbol Kulübü (TUR),1,48,3929,48.0,3929.0
396,Morocco,5,Mehdi BENATIA,17.04.1987,DF,Juventus (ITA),0,53,4093,0,0
397,Morocco,6,Romain SAISS,26.03.1990,DF,Wolverhampton (ENG),2,69,5158,34.5,2579.0
398,Morocco,7,Hakim ZIYACH,19.03.1993,MF,Ajax (NED),38,85,7357,2.236842105263158,193.60526315789474
399,Morocco,8,Karim EL AHMADI,27.01.1985,MF,Feyenoord (NED),6,78,6921,13.0,1153.5
400,Morocco,9,Ayoub EL KAABI,25.06.1993,FW,enaissance Sportive de Berkane (MAR),2,21,1643,10.5,821.5
401,Morocco,10,Younes BELHANDA,25.02.1990,MF,Galatasaray (TUR),17,71,5637,4.176470588235294,331.5882352941176
402,Morocco,11,Faycal FAJR,01.08.1988,MF,Getafe CF (ESP),7,59,3857,8.428571428571429,551.0
403,Morocco,12,Monir EL KAJOUI,10.05.1989,GK,Numancia (ESP),0,0,0,0,0
404,Morocco,13,Khalid BOUTAIB,24.04.1987,FW,Malatyaspor (TUR),10,69,5711,6.9,571.1
405,Morocco,14,Mbark BOUSSOUFA,15.08.1984,MF,Al Jazeira (UAE),16,51,4520,3.1875,282.5
406,Morocco,15,Youssef AIT BENNASSER,07.07.1996,MF,Caen (FRA),1,56,4123,56.0,4123.0
407,Morocco,16,Noureddine AMRABAT,31.03.1987,MF,Leganes (ESP),6,68,4260,11.333333333333334,710.0
408,Morocco,17,Nabil DIRAR,25.02.1986,DF,Fenerbahçe (TUR),15,70,4553,4.666666666666667,303.53333333333336
409,Morocco,18,Amine HARIT,18.06.1997,MF,Schalke 04 (GER),8,69,4765,8.625,595.625
410,Morocco,19,Youssef EN NESYRI,01.06.1997,FW,Malaga (ESP),1,41,1982,41.0,1982.0
411,Morocco,20,Aziz BOUHADDOUZ,30.03.1987,FW,St. Pauli (GER),8,56,4319,7.0,539.875
412,Morocco,21,Sofyan AMRABAT,21.08.1996,MF,Feyenoord (NED),9,76,5782,8.444444444444445,642.4444444444445
413,Morocco,22,Ahmed TAGNAOUTI,05.04.1996,GK,IRT Tanger (MAR),0,0,0,0,0
414,Morocco,23,Mehdi CARCELA,01.07.1989,MF,Standard Liège (BEL),12,58,4266,4.833333333333333,355.5
415,Nigeria,1,Ikechukwu EZENWA,16.10.1988,GK,Enyimba (NGA),0,0,0,0,0
416,Nigeria,2,Bryan IDOWU,18.05.1992,DF,FK Amkar Perm (RUS),1,60,5350,60.0,5350.0
417,Nigeria,3,Elderson ECHIEJILE,20.01.1988,DF,Cercle Brugge (BEL),1,25,1817,25.0,1817.0
418,Nigeria,4,Onyinye NDIDI,16.12.1996,MF,Leicester (ENG),5,95,8371,19.0,1674.2
419,Nigeria,5,William EKONG,01.09.1993,DF,Bursaspor (TUR),2,67,5734,33.5,2867.0
420,Nigeria,6,Leon BALOGUN,28.06.1988,DF,Mainz 05 (GER),0,36,2515,0,0
421,Nigeria,7,Ahmed MUSA,14.10.1992,FW,CSKA Moskva (RUS),6,55,3338,9.166666666666666,556.3333333333334
422,Nigeria,8,Oghenekaro ETEBO,09.11.1995,MF,Las Palmas (ESP),5,62,5291,12.4,1058.2
423,Nigeria,9,Odion IGHALO,16.06.1989,FW,Changchun Yatai (CHN),8,58,4848,7.25,606.0
424,Nigeria,10,John Obi MIKEL,22.04.1987,MF,Tianjin Teda (CHN),3,24,2160,8.0,720.0
425,Nigeria,11,Victor MOSES,12.12.1990,FW,Chelsea (ENG),8,78,6083,9.75,760.375
426,Nigeria,12,Abdullahi SHEHU,12.03.1993,DF,Bursaspor (TUR),2,62,5103,31.0,2551.5
427,Nigeria,13,Simeon NWANKWO,07.05.1992,FW,Crotone FC (ITA),1,46,1830,46.0,1830.0
428,Nigeria,14,Kelechi IHEANACHO,10.03.1996,FW,Leicester (ENG),7,59,2350,8.428571428571429,335.7142857142857
429,Nigeria,15,Joel OBI,22.05.1991,MF,Torino (ITA),5,48,2251,9.6,450.2
430,Nigeria,16,Daniel AKPEYI,08.03.1986,GK,Chippa United FC (RSA),0,0,0,0,0
431,Nigeria,17,Ogenyi ONAZI,25.12.1992,MF,Trabzonspor (TUR),3,61,4305,20.333333333333332,1435.0
432,Nigeria,18,Alex IWOBI,03.05.1996,FW,Arsenal (ENG),15,78,4999,5.2,333.26666666666665
433,Nigeria,19,John OGU,20.04.1988,MF,Hapoel Beer Sheva (ISR),4,75,6444,18.75,1611.0
434,Nigeria,20,Chidozie AWAZIEM,01.01.1997,DF,Nantes (FRA),2,58,4586,29.0,2293.0
435,Nigeria,21,Tyronne EBUEHI,16.12.1995,DF,ADO Den Haag (NED),3,63,5380,21.0,1793.3333333333333
436,Nigeria,22,Kenneth OMERUO,17.10.1993,DF,Kasimpasa SK (TUR),0,54,4644,0,0
437,Nigeria,23,Francis UZOHO,28.10.1998,GK,Deportivo La Coruña (ESP),0,0,0,0,0
438,Panama,1,Jaime PENEDO,26.09.1981,GK,Dinamo Bucuresti (ROU),0,0,0,0,0
439,Panama,2,Michael MURILLO,11.02.1996,DF,New York (USA),2,37,3042,18.5,1521.0
440,Panama,3,Harold CUMMINGS,01.03.1992,DF,San Jose Earthquakes (USA),0,19,1634,0,0
441,Panama,4,Fidel ESCOBAR,09.01.1995,DF,New York (USA),1,27,2122,27.0,2122.0
442,Panama,5,Roman TORRES,20.03.1986,DF,Seattle Sounders Football Club (USA),2,47,3871,23.5,1935.5
443,Panama,6,Gabriel GOMEZ,29.05.1984,MF,Bucaramanga (COL),0,4,263,0,0
444,Panama,7,Blas PEREZ,13.03.1981,FW,Municipal (GUA),2,27,916,13.5,458.0
445,Panama,8,Edgar BARCENAS,23.10.1993,MF,útbol Cafetaleros de Tapachula (MEX),1,17,1211,17.0,1211.0
446,Panama,9,Gabriel TORRES,31.10.1988,FW,Huachipato (CHI),8,64,3923,8.0,490.375
447,Panama,10,Ismael DIAZ,12.05.1997,FW,Deportivo La Coruña (ESP),0,33,1494,0,0
448,Panama,11,Armando COOPER,26.11.1987,MF,Universidad de Chile (CHI),3,39,1939,13.0,646.3333333333334
449,Panama,12,Jose CALDERON,14.08.1985,GK,Chorrillo (PAN),0,0,0,0,0
450,Panama,13,Adolfo MACHADO,14.02.1985,DF,Houston Dynamo (USA),2,78,6980,39.0,3490.0
451,Panama,14,Valentin PIMENTEL,30.05.1991,MF,Plaza Amador (PAN),0,9,645,0,0
452,Panama,15,Eric DAVIS,31.03.1991,DF,DAC Dunajska Streda (SVK),9,50,4211,5.555555555555555,467.8888888888889
453,Panama,16,Abdiel ARROYO,13.12.1993,FW,Alajuelense (CRC),4,32,1908,8.0,477.0
454,Panama,17,Luis OVALLE,07.09.1988,DF,Olimpia (HON),0,31,2785,0,0
455,Panama,18,Luis TEJADA,28.03.1982,FW,Sport Boys Association (PER),7,65,5248,9.285714285714286,749.7142857142857
456,Panama,19,Alberto QUINTERO,18.12.1987,MF,Universitario (PER),9,53,4179,5.888888888888889,464.3333333333333
457,Panama,20,Anibal GODOY,10.02.1990,MF,San Jose Earthquakes (USA),2,63,5334,31.5,2667.0
459,Panama,22,Alex RODRIGUEZ,05.08.1990,GK,San Francisco (PAN),0,0,0,0,0
460,Panama,23,Felipe BALOY,24.02.1981,DF,Municipal (GUA),0,0,0,0,0
461,Peru,1,Pedro GALLESE,23.02.1990,GK,Veracruz (MEX),0,0,0,0,0
462,Peru,2,Alberto RODRIGUEZ,31.03.1984,DF,Junior (COL),0,42,3663,0,0
463,Peru,3,Aldo CORZO,20.05.1989,DF,Universitario (PER),7,63,5604,9.0,800.5714285714286
464,Peru,4,Anderson SANTAMARIA,10.01.1992,DF,MEX (MEX),2,75,6003,37.5,3001.5
465,Peru,5,Miguel ARAUJO,24.10.1994,DF,Alianza Lima (PER),2,63,5404,31.5,2702.0
466,Peru,6,Miguel TRAUCO,25.08.1992,DF,Flamengo (BRA),16,79,6748,4.9375,421.75
467,Peru,7,Paolo HURTADO,27.07.1990,MF,Guimaraes (POR),10,73,5002,7.3,500.2
468,Peru,8,Christian CUEVA,23.11.1991,MF,São Paulo (BRA),13,64,4787,4.923076923076923,368.2307692307692
469,Peru,9,Paolo GUERRERO,01.01.1984,FW,Flamengo (BRA),8,53,4419,6.625,552.375
470,Peru,10,Jefferson FARFAN,26.10.1984,FW,Lokomotiv Moskva (RUS),7,43,3329,6.142857142857143,475.57142857142856
471,Peru,11,Raul RUIDIAZ,25.07.1990,FW,Monarcas Morelia (MEX),5,75,6181,15.0,1236.2
472,Peru,12,Carlos CACEDA,27.09.1991,GK,lub Centro Deportivo Municipal (PER),0,0,0,0,0
473,Peru,13,Renato TAPIA,28.07.1995,MF,Feyenoord (NED),0,46,3313,0,0
474,Peru,14,Andy POLO,29.09.1994,MF,Portland Timbers (USA),6,67,5079,11.166666666666666,846.5
475,Peru,15,Christian RAMOS,04.11.1988,DF,Veracruz (MEX),2,59,4899,29.5,2449.5
476,Peru,16,Wilder CARTAGENA,23.09.1994,MF,Veracruz (MEX),4,77,6067,19.25,1516.75
477,Peru,17,Luis ADVINCULA,02.03.1990,DF,Universidad Autónoma de Puebla (MEX),3,54,4228,18.0,1409.3333333333333
478,Peru,18,Andre CARRILLO,14.06.1991,FW,Watford (ENG),5,62,2912,12.4,582.4
479,Peru,19,Yoshimar YOTUN,07.04.1990,MF,Orlando City SC (USA),21,61,4808,2.9047619047619047,228.95238095238096
480,Peru,20,Edison FLORES,14.05.1994,FW,AaB (DEN),17,76,5711,4.470588235294118,335.94117647058823
481,Peru,21,Jose CARVALLO,01.03.1986,GK,iversidad Técnica de Cajamarca (PER),0,0,0,0,0
482,Peru,22,Nilson LOYOLA,26.10.1994,DF,Foot Ball Club Melgar (PER),9,81,6843,9.0,760.3333333333334
483,Peru,23,Pedro AQUINO,13.04.1995,MF,Universidad Autónoma de Puebla (MEX),8,85,6372,10.625,796.5
484,Poland,1,Wojciech SZCZESNY,18.04.1990,GK,Juventus (ITA),0,0,0,0,0
485,Poland,2,Michal PAZDAN,21.09.1987,DF,Legia Warszawa (POL),0,76,6738,0,0
486,Poland,3,Artur JEDRZEJCZYK,04.11.1987,DF,Legia Warszawa (POL),5,68,5830,13.6,1166.0
487,Poland,4,Thiago CIONEK,21.04.1986,DF,ITA (ITA),0,63,5249,0,0
488,Poland,5,Jan BEDNAREK,12.04.1996,DF,Southampton (ENG),2,49,4258,24.5,2129.0
489,Poland,6,Jacek GORALSKI,21.09.1992,MF,PFC Ludogorets Razgrad (BUL),3,70,5063,23.333333333333332,1687.6666666666667
490,Poland,7,Arkadiusz MILIK,28.02.1994,FW,Naples (ITA),2,40,1415,20.0,707.5
491,Poland,8,Karol LINETTY,02.02.1995,MF,Sampdoria (ITA),8,67,4761,8.375,595.125
492,Poland,9,Robert LEWANDOWSKI,21.08.1988,FW,Bayern München (GER),15,95,7808,6.333333333333333,520.5333333333333
493,Poland,10,Grzegorz KRYCHOWIAK,29.01.1990,MF,West Bromwich Albion FC (ENG),3,50,3014,16.666666666666668,1004.6666666666666
494,Poland,11,Kamil GROSICKI,08.06.1988,MF,Hull City (ENG),14,71,4392,5.071428571428571,313.7142857142857
495,Poland,12,Bartosz BIALKOWSKI,06.07.1987,GK,Ipswich Town (ENG),0,0,0,0,0
496,Poland,13,Maciej RYBUS,19.08.1989,MF,Lokomotiv Moskva (RUS),2,55,3882,27.5,1941.0
497,Poland,14,Lukasz TEODORCZYK,03.06.1991,FW,Anderlecht (BEL),9,93,6899,10.333333333333334,766.5555555555555
498,Poland,15,Kamil GLIK,03.02.1988,DF,AS Monaco (FRA),7,101,9060,14.428571428571429,1294.2857142857142
499,Poland,16,Jakub BLASZCZYKOWSKI,14.12.1985,MF,VfL Wolfsburg (GER),3,43,2574,14.333333333333334,858.0
500,Poland,17,Slawomir PESZKO,19.02.1985,MF,Lechia Gdansk (POL),15,55,4340,3.6666666666666665,289.3333333333333
501,Poland,18,Bartosz BERESZYNSKI,12.07.1992,DF,Sampdoria (ITA),5,66,5338,13.2,1067.6
502,Poland,19,Piotr ZIELINSKI,20.05.1994,MF,Naples (ITA),10,94,4884,9.4,488.4
503,Poland,20,Lukasz PISZCZEK,03.06.1985,DF,Borussia Dortmund (GER),11,70,5934,6.363636363636363,539.4545454545455
504,Poland,21,Rafal KURZAWA,29.01.1993,MF,Górnik Zabrze (POL),33,76,6789,2.303030303030303,205.72727272727272
505,Poland,22,Lukasz FABIANSKI,18.04.1985,GK,Swansea City (WAL),0,0,0,0,0
506,Poland,23,Dawid KOWNACKI,14.03.1997,FW,Sampdoria (ITA),6,57,2575,9.5,429.1666666666667
507,Portugal,1,RUI PATRICIO,15.02.1988,GK,Sporting CP (POR),0,0,0,0,0
508,Portugal,2,BRUNO ALVES,27.11.1981,DF,Rangers (SCO),1,62,5225,62.0,5225.0
509,Portugal,3,PEPE,26.02.1983,DF,Besiktas (TUR),2,53,4511,26.5,2255.5
510,Portugal,4,MANUEL FERNANDES,05.02.1986,MF,Lokomotiv Moskva (RUS),17,67,5727,3.9411764705882355,336.88235294117646
511,Portugal,5,RAPHAEL GUERREIRO,22.12.1993,DF,Borussia Dortmund (GER),10,50,3244,5.0,324.4
512,Portugal,6,JOSE FONTE,22.12.1983,DF,Dalian Yifang Football Club (CHN),1,50,4425,50.0,4425.0
513,Portugal,7,CRISTIANO RONALDO,05.02.1985,FW,Real Madrid (ESP),19,90,7804,4.7368421052631575,410.7368421052632
514,Portugal,8,JOAO MOUTINHO,08.09.1986,MF,AS Monaco (FRA),15,96,6807,6.4,453.8
515,Portugal,9,ANDRE SILVA,06.11.1995,FW,AC Milan (ITA),10,84,5424,8.4,542.4
516,Portugal,10,JOAO MARIO,19.01.1993,MF,West Ham United (ENG),14,62,3941,4.428571428571429,281.5
517,Portugal,11,BERNARDO SILVA,10.08.1994,MF,Manchester City (ENG),23,111,7091,4.826086956521739,308.30434782608694
518,Portugal,12,ANTHONY LOPES,01.10.1990,GK,Olympique Lyon (FRA),0,0,0,0,0
519,Portugal,13,RUBEN DIAS,14.05.1997,DF,Benfica (POR),2,66,5991,33.0,2995.5
520,Portugal,14,WILLIAM,07.04.1992,MF,Sporting CP (POR),6,81,6989,13.5,1164.8333333333333
521,Portugal,15,RICARDO,06.10.1993,DF,FC Porto (POR),11,73,6137,6.636363636363637,557.9090909090909
522,Portugal,16,BRUNO FERNANDES,08.09.1994,MF,Sporting CP (POR),23,91,6552,3.9565217391304346,284.8695652173913
523,Portugal,17,GONCALO GUEDES,29.11.1996,FW,Valencia CF (ESP),19,79,5010,4.157894736842105,263.6842105263158
524,Portugal,18,GELSON MARTINS,11.05.1995,FW,Sporting CP (POR),26,96,8010,3.6923076923076925,308.0769230769231
525,Portugal,19,MARIO RUI,27.05.1991,DF,Naples (ITA),4,40,3051,10.0,762.75
526,Portugal,20,RICARDO QUARESMA,26.09.1983,FW,Besiktas (TUR),29,82,6312,2.8275862068965516,217.6551724137931
527,Portugal,21,CEDRIC,31.08.1991,DF,Southampton (ENG),6,70,6037,11.666666666666666,1006.1666666666666
528,Portugal,22,BETO,01.05.1982,GK,Goztepespor (TUR),0,0,0,0,0
529,Portugal,23,ADRIEN SILVA,15.03.1989,MF,Leicester (ENG),6,58,4293,9.666666666666666,715.5
530,Russia,1,Igor AKINFEEV,08.04.1986,GK,CSKA Moskva (RUS),0,0,0,0,0
531,Russia,2,MARIO FERNANDES,19.09.1990,DF,CSKA Moskva (RUS),11,73,6368,6.636363636363637,578.9090909090909
532,Russia,3,Ilya KUTEPOV,29.07.1993,DF,Spartak Moskva (RUS),0,53,4579,0,0
533,Russia,4,Sergey IGNASHEVICH,14.07.1979,DF,CSKA Moskva (RUS),2,65,5345,32.5,2672.5
534,Russia,5,Andrey SEMENOV,24.03.1989,DF,an Football Club Akhmat Grozny (RUS),4,59,5231,14.75,1307.75
535,Russia,6,Denis CHERYSHEV,26.12.1990,MF,Villarreal CF (ESP),5,50,2044,10.0,408.8
536,Russia,7,Daler KUZIAEV,15.01.1993,MF,Zenit St. Petersburg (RUS),6,64,5243,10.666666666666666,873.8333333333334
537,Russia,8,Iury GAZINSKY,20.07.1989,MF,Krasnodar (RUS),6,75,5958,12.5,993.0
538,Russia,9,Alan DZAGOEV,17.06.1990,MF,CSKA Moskva (RUS),13,54,3963,4.153846153846154,304.84615384615387
539,Russia,10,Fedor SMOLOV,09.02.1990,FW,Krasnodar (RUS),7,55,4693,7.857142857142857,670.4285714285714
540,Russia,11,Roman ZOBNIN,11.02.1994,MF,Spartak Moskva (RUS),4,52,4158,13.0,1039.5
541,Russia,12,Andrei LUNEV,13.11.1991,GK,Zenit St. Petersburg (RUS),0,0,0,0,0
542,Russia,13,Fedor KUDRIASHOV,05.04.1987,DF,Rubin Kazan (RUS),1,64,5553,64.0,5553.0
543,Russia,14,Vladimir GRANAT,22.05.1987,DF,Rubin Kazan (RUS),1,58,5071,58.0,5071.0
544,Russia,15,Alexey MIRANCHUK,17.10.1995,MF,Lokomotiv Moskva (RUS),21,75,6504,3.5714285714285716,309.7142857142857
545,Russia,16,Anton MIRANCHUK,17.10.1995,MF,Lokomotiv Moskva (RUS),18,79,5696,4.388888888888889,316.44444444444446
546,Russia,17,Aleksandr GOLOVIN,30.05.1996,MF,CSKA Moskva (RUS),10,80,6685,8.0,668.5
547,Russia,18,Yury ZHIRKOV,20.08.1983,MF,Zenit St. Petersburg (RUS),5,54,3723,10.8,744.6
548,Russia,19,Alexander SAMEDOV,19.07.1984,MF,Spartak Moskva (RUS),3,55,3815,18.333333333333332,1271.6666666666667
549,Russia,20,Vladimir GABULOV,19.10.1983,GK,Club Brugge (BEL),0,0,0,0,0
550,Russia,21,Aleksandr EROKHIN,13.10.1989,MF,Zenit St. Petersburg (RUS),9,77,5936,8.555555555555555,659.5555555555555
551,Russia,22,Artem DZYUBA,22.08.1988,FW,Arsenal Tula (RUS),12,68,4803,5.666666666666667,400.25
552,Russia,23,Igor SMOLNIKOV,08.08.1988,DF,Zenit St. Petersburg (RUS),2,49,4172,24.5,2086.0
553,Saudi Arabia,1,ABDULLAH ALMUAIOUF,23.01.1987,GK,Al Hilal (KSA),0,0,0,0,0
554,Saudi Arabia,2,MANSOUR ALHARBI,19.10.1987,DF,Al Ahli (KSA),11,55,4120,5.0,374.54545454545456
555,Saudi Arabia,3,OSAMA HAWSAWI,31.03.1984,DF,Al Hilal (KSA),2,68,6058,34.0,3029.0
556,Saudi Arabia,4,ALI ALBULAYHI,21.11.1989,DF,Al Hilal (KSA),0,41,3690,0,0
557,Saudi Arabia,5,OMAR OTHMAN,27.09.1985,DF,Al Nasr (KSA),0,57,5010,0,0
558,Saudi Arabia,6,MOHAMMED ALBURAYK,15.09.1992,DF,Al Hilal (KSA),11,70,6018,6.363636363636363,547.0909090909091
559,Saudi Arabia,7,SALMAN ALFARAJ,01.08.1989,MF,Al Hilal (KSA),7,61,4826,8.714285714285714,689.4285714285714
560,Saudi Arabia,8,YAHIA ALSHEHRI,26.06.1990,MF,Leganes (ESP),14,51,3907,3.642857142857143,279.07142857142856
561,Saudi Arabia,9,HATAN BAHBIR,16.07.1992,MF,Al Shabab (KSA),5,41,2441,8.2,488.2
562,Saudi Arabia,10,MOHAMMED ALSAHLAWI,10.01.1987,FW,Al Nasr (KSA),4,51,3409,12.75,852.25
563,Saudi Arabia,11,ABDULMALEK ALKHAIBRI,13.03.1986,MF,Al Hilal (KSA),0,52,2977,0,0
564,Saudi Arabia,12,MOHAMED KANNO,22.09.1994,MF,Al Hilal (KSA),2,47,3001,23.5,1500.5
565,Saudi Arabia,13,YASSER ALSHAHRANI,25.05.1992,DF,Al Hilal (KSA),8,61,5374,7.625,671.75
566,Saudi Arabia,14,ABDULLAH OTAYF,03.08.1992,MF,Al Hilal (KSA),3,60,4152,20.0,1384.0
567,Saudi Arabia,15,ABDULLAH ALKHAIBARI,16.08.1996,MF,Al Shabab (KSA),0,20,1780,0,0
568,Saudi Arabia,16,HUSSAIN ALMOQAHWI,24.03.1988,MF,Al Ahli (KSA),8,77,4608,9.625,576.0
569,Saudi Arabia,17,TAISEER ALJASSAM,25.07.1984,MF,Al Ahli (KSA),9,61,4960,6.777777777777778,551.1111111111111
570,Saudi Arabia,18,SALEM ALDAWSARI,19.08.1991,MF,Villarreal CF (ESP),10,57,3958,5.7,395.8
571,Saudi Arabia,19,FAHAD ALMUWALLAD,14.09.1994,FW,Levante UD (ESP),8,41,3374,5.125,421.75
572,Saudi Arabia,20,MUHANNAD ASIRI,14.10.1986,FW,Al Ahli (KSA),3,48,2023,16.0,674.3333333333334
573,Saudi Arabia,21,YASSER ALMOSAILEM,27.02.1984,GK,Al Ahli (KSA),0,0,0,0,0
574,Saudi Arabia,22,MOHAMMED ALOWAIS,10.10.1991,GK,Al Ahli (KSA),0,0,0,0,0
575,Saudi Arabia,23,MOTAZ HAWSAWI,17.02.1992,DF,Al Ahli (KSA),2,63,5127,31.5,2563.5
576,Senegal,1,Abdoulaye DIALLO,30.03.1992,GK,Rennes (FRA),0,0,0,0,0
577,Senegal,2,Saliou CISS,15.06.1989,DF,Valenciennes (FRA),5,43,3456,8.6,691.2
578,Senegal,3,Kalidou KOULIBALY,20.06.1991,DF,Naples (ITA),1,83,7338,83.0,7338.0
579,Senegal,4,Kara MBODJI,22.11.1989,DF,Anderlecht (BEL),4,56,4932,14.0,1233.0
580,Senegal,5,Idrissa Gana GUEYE,26.09.1989,MF,Everton (ENG),3,73,5999,24.333333333333332,1999.6666666666667
581,Senegal,6,Salif SANE,25.08.1990,MF,Hannover 96 (GER),3,65,5602,21.666666666666668,1867.3333333333333
582,Senegal,7,Moussa SOW,19.01.1986,FW,Bursaspor (TUR),3,57,3734,19.0,1244.6666666666667
583,Senegal,8,Cheikhou KOUYATE,21.12.1989,MF,West Ham United (ENG),3,73,6256,24.333333333333332,2085.3333333333335
584,Senegal,9,Mame DIOUF,16.12.1987,FW,Stoke (ENG),5,66,4194,13.2,838.8
585,Senegal,10,Sadio MANE,10.04.1992,FW,Liverpool (ENG),17,73,5907,4.294117647058823,347.47058823529414
586,Senegal,11,Cheikh NDOYE,29.03.1986,MF,Birmingham City (ENG),7,77,5795,11.0,827.8571428571429
587,Senegal,12,Youssouf SABALY,05.03.1993,DF,Girondins Bordeaux (FRA),11,72,6145,6.545454545454546,558.6363636363636
588,Senegal,13,Alfred NDIAYE,06.03.1990,MF,Wolverhampton (ENG),3,67,3642,22.333333333333332,1214.0
589,Senegal,14,Moussa KONATE,03.04.1993,FW,Amiens (FRA),9,80,5886,8.88888888888889,654.0
590,Senegal,15,Diafra SAKHO,24.12.1989,FW,Rennes (FRA),1,35,1451,35.0,1451.0
591,Senegal,16,Khadim NDIAYE,05.04.1985,GK,Horoya Athlétique Club (GUI),0,0,0,0,0
592,Senegal,17,Pape Alioune NDIAYE,27.10.1990,MF,Stoke (ENG),7,72,6258,10.285714285714286,894.0
593,Senegal,18,Ismaila SARR,25.02.1998,FW,Rennes (FRA),10,60,4089,6.0,408.9
594,Senegal,19,Mbaye NIANG,19.12.1994,FW,Torino (ITA),8,65,4302,8.125,537.75
595,Senegal,20,Keita BALDE,08.03.1995,FW,AS Monaco (FRA),17,67,4081,3.9411764705882355,240.05882352941177
596,Senegal,21,Lamine GASSAMA,20.10.1989,DF,Adanaspor (TUR),2,62,5355,31.0,2677.5
597,Senegal,22,Moussa WAGUE,04.10.1998,DF,Eupen (BEL),4,43,3272,10.75,818.0
598,Senegal,23,Alfred GOMIS,05.09.1993,GK,ITA (ITA),0,0,0,0,0
599,Serbia,1,Vladimir STOJKOVIC,28.07.1983,GK,Partizan Beograd (SRB),0,0,0,0,0
600,Serbia,2,Antonio RUKAVINA,26.01.1984,DF,Villarreal CF (ESP),1,36,2890,36.0,2890.0
601,Serbia,3,Dusko TOSIC,19.01.1985,DF,Besiktas (TUR),3,76,6557,25.333333333333332,2185.6666666666665
602,Serbia,4,Luka MILIVOJEVIC,07.04.1991,MF,Crystal Palace (ENG),3,77,6676,25.666666666666668,2225.3333333333335
603,Serbia,5,Uros SPAJIC,13.02.1993,DF,Anderlecht (BEL),3,75,6328,25.0,2109.3333333333335
604,Serbia,6,Branislav IVANOVIC,22.02.1984,DF,Zenit St. Petersburg (RUS),4,65,4990,16.25,1247.5
605,Serbia,7,Andrija ZIVKOVIC,11.07.1996,MF,Benfica (POR),17,54,3646,3.176470588235294,214.47058823529412
606,Serbia,8,Aleksandar PRIJOVIC,21.04.1990,FW,PAOK (GRE),12,84,5434,7.0,452.8333333333333
607,Serbia,9,Aleksandar MITROVIC,16.09.1994,FW,Fulham (ENG),7,56,3259,8.0,465.57142857142856
608,Serbia,10,Dusan TADIC,20.11.1988,MF,Southampton (ENG),12,85,6297,7.083333333333333,524.75
609,Serbia,11,Aleksandar KOLAROV,10.11.1985,DF,AS Roma (ITA),17,87,7621,5.117647058823529,448.29411764705884
610,Serbia,12,Predrag RAJKOVIC,31.10.1995,GK,Maccabi Tel Aviv (ISR),0,0,0,0,0
611,Serbia,13,Milos VELJKOVIC,26.09.1995,DF,Werder Bremen (GER),0,63,5124,0,0
612,Serbia,14,Milan RODIC,02.04.1991,DF,Crvena Zvezda (SRB),3,57,4645,19.0,1548.3333333333333
613,Serbia,15,Nikola MILENKOVIC,12.10.1997,DF,Fiorentina (ITA),1,57,4975,57.0,4975.0
614,Serbia,16,Marko GRUJIC,13.04.1996,MF,Cardiff City (WAL),3,37,2136,12.333333333333334,712.0
615,Serbia,17,Filip KOSTIC,01.11.1992,MF,Hamburger SV (GER),6,65,5215,10.833333333333334,869.1666666666666
616,Serbia,18,Nemanja RADONJIC,15.02.1996,FW,Crvena Zvezda (SRB),7,60,3316,8.571428571428571,473.7142857142857
617,Serbia,19,Luka JOVIC,23.12.1997,FW,Eintracht Frankfurt (GER),3,40,1906,13.333333333333334,635.3333333333334
618,Serbia,20,Sergej MILINKOVIC-SAVIC,27.02.1995,MF,Lazio (ITA),19,87,6881,4.578947368421052,362.1578947368421
619,Serbia,21,Nemanja MATIC,01.08.1988,MF,Manchester United (ENG),11,89,7303,8.090909090909092,663.9090909090909
620,Serbia,22,Adem LJAJIC,29.09.1991,MF,Torino (ITA),24,64,5008,2.6666666666666665,208.66666666666666
621,Serbia,23,Marko DMITROVIC,24.01.1992,GK,Eibar (ESP),0,0,0,0,0
622,Spain,1,David DE GEA,07.11.1990,GK,Manchester United (ENG),0,0,0,0,0
623,Spain,2,Dani CARVAJAL,11.01.1992,DF,Real Madrid (ESP),19,82,7022,4.315789473684211,369.57894736842104
624,Spain,3,Gerard PIQUE,02.02.1987,DF,FC Barcelona (ESP),0,90,7708,0,0
625,Spain,4,NACHO,18.01.1990,DF,Real Madrid (ESP),4,81,6479,20.25,1619.75
626,Spain,5,Sergio BUSQUETS,16.07.1988,MF,FC Barcelona (ESP),8,98,8092,12.25,1011.5
627,Spain,6,Andres INIESTA,11.05.1984,MF,FC Barcelona (ESP),10,81,5179,8.1,517.9
628,Spain,7,SAUL,21.11.1994,MF,Atlético Madrid (ESP),9,109,8764,12.11111111111111,973.7777777777778
629,Spain,8,KOKE,08.01.1992,MF,Atlético Madrid (ESP),17,105,8787,6.176470588235294,516.8823529411765
630,Spain,9,RODRIGO,06.03.1991,FW,Valencia CF (ESP),12,65,4582,5.416666666666667,381.8333333333333
631,Spain,10,THIAGO,11.04.1991,MF,Bayern München (GER),13,73,5626,5.615384615384615,432.7692307692308
632,Spain,11,Lucas VAZQUEZ,01.07.1991,FW,Real Madrid (ESP),30,103,5091,3.433333333333333,169.7
633,Spain,12,Alvaro ODRIOZOLA,14.12.1995,DF,Real Sociedad (ESP),12,75,6287,6.25,523.9166666666666
634,Spain,13,Kepa ARRIZABALAGA,03.10.1994,GK,Athletic Club (ESP),0,0,0,0,0
635,Spain,14,Cesar AZPILICUETA,28.08.1989,DF,Chelsea (ENG),14,99,8853,7.071428571428571,632.3571428571429
636,Spain,15,Sergio RAMOS,30.03.1986,DF,Real Madrid (ESP),3,86,7719,28.666666666666668,2573.0
637,Spain,16,Nacho MONREAL,26.02.1986,DF,Arsenal (ENG),5,81,6889,16.2,1377.8
638,Spain,17,Iago ASPAS,01.08.1987,FW,Celta (ESP),13,86,6699,6.615384615384615,515.3076923076923
639,Spain,18,Jordi ALBA,21.03.1989,DF,FC Barcelona (ESP),18,87,6971,4.833333333333333,387.27777777777777
640,Spain,19,Diego COSTA,07.10.1988,FW,Atlético Madrid (ESP),14,65,5105,4.642857142857143,364.64285714285717
641,Spain,20,Marco ASENSIO,21.01.1996,MF,Real Madrid (ESP),10,91,4782,9.1,478.2
642,Spain,21,David SILVA,08.01.1986,FW,Manchester City (ENG),25,85,6844,3.4,273.76
643,Spain,22,ISCO,21.04.1992,MF,Real Madrid (ESP),20,91,5296,4.55,264.8
644,Spain,23,Pepe REINA,31.08.1982,GK,Naples (ITA),0,0,0,0,0
645,Sweden,1,Robin OLSEN,08.01.1990,GK,FC København (DEN),0,0,0,0,0
646,Sweden,2,Mikael LUSTIG,13.12.1986,DF,Celtic (SCO),9,96,8120,10.666666666666666,902.2222222222222
647,Sweden,3,Victor LINDELOF,17.07.1994,DF,Manchester United (ENG),0,76,6451,0,0
648,Sweden,4,Andreas GRANQVIST,16.04.1985,DF,Krasnodar (RUS),6,76,6871,12.666666666666666,1145.1666666666667
649,Sweden,5,Martin OLSSON,17.05.1988,DF,Swansea City (WAL),1,78,6392,78.0,6392.0
650,Sweden,6,Ludwig AUGUSTINSSON,21.04.1994,DF,Werder Bremen (GER),19,83,7296,4.368421052631579,384.0
651,Sweden,7,Sebastian LARSSON,06.06.1985,MF,Hull City (ENG),7,65,5069,9.285714285714286,724.1428571428571
652,Sweden,8,Albin EKDAL,28.07.1989,MF,Hamburger SV (GER),2,42,2531,21.0,1265.5
653,Sweden,9,Marcus BERG,17.08.1986,FW,Al Ain (UAE),21,75,6356,3.5714285714285716,302.6666666666667
654,Sweden,10,Emil FORSBERG,23.10.1991,MF,RasenBallsport Leipzig (GER),26,64,4646,2.4615384615384617,178.69230769230768
655,Sweden,11,John GUIDETTI,15.04.1992,FW,Alavés (ESP),10,71,3895,7.1,389.5
656,Sweden,12,Karl-Johan JOHNSSON,28.01.1990,GK,Guingamp (FRA),0,0,0,0,0
657,Sweden,13,Gustav SVENSSON,07.02.1987,MF,Seattle Sounders Football Club (USA),4,83,7005,20.75,1751.25
658,Sweden,14,Filip HELANDER,22.04.1993,DF,Bologna (ITA),0,42,3512,0,0
659,Sweden,15,Oscar HILJEMARK,28.06.1992,MF,Genoa (ITA),8,64,4505,8.0,563.125
660,Sweden,16,Emil KRAFTH,02.08.1994,DF,Bologna (ITA),1,41,2897,41.0,2897.0
661,Sweden,17,Viktor CLAESSON,02.01.1992,MF,Krasnodar (RUS),21,81,6886,3.857142857142857,327.9047619047619
662,Sweden,18,Pontus JANSSON,13.02.1991,DF,Leeds (ENG),3,79,6834,26.333333333333332,2278.0
663,Sweden,19,Marcus ROHDEN,11.05.1991,MF,Crotone FC (ITA),8,78,5575,9.75,696.875
664,Sweden,20,Ola TOIVONEN,03.07.1986,FW,Toulouse FC (FRA),5,66,3091,13.2,618.2
665,Sweden,21,Jimmy DURMAZ,22.03.1989,MF,Toulouse FC (FRA),4,55,2899,13.75,724.75
666,Sweden,22,Isaac Kiese THELIN,24.06.1992,FW,Beveren (BEL),8,70,4163,8.75,520.375
667,Sweden,23,Kristoffer NORDFELDT,23.06.1989,GK,Swansea City (WAL),0,0,0,0,0
668,Switzerland,1,Yann SOMMER,17.12.1988,GK,Borussia Moenchengladbach (GER),0,0,0,0,0
669,Switzerland,2,Stephan LICHTSTEINER,16.01.1984,DF,Juventus (ITA),7,62,4214,8.857142857142858,602.0
670,Switzerland,3,Francois MOUBANDJE,21.06.1990,DF,Toulouse FC (FRA),1,61,5311,61.0,5311.0
671,Switzerland,4,Nico ELVEDI,30.09.1996,DF,Borussia Moenchengladbach (GER),3,72,6300,24.0,2100.0
672,Switzerland,5,Manuel AKANJI,19.07.1995,DF,Borussia Dortmund (GER),3,58,5027,19.333333333333332,1675.6666666666667
673,Switzerland,6,Michael LANG,08.02.1991,DF,FC Basel (SUI),14,85,7579,6.071428571428571,541.3571428571429
674,Switzerland,7,Breel EMBOLO,14.02.1997,FW,Schalke 04 (GER),5,35,1711,7.0,342.2
675,Switzerland,8,Remo FREULER,15.04.1992,MF,Atalanta Bergamo (ITA),8,81,6753,10.125,844.125
676,Switzerland,9,Haris SEFEROVIC,22.02.1992,FW,Benfica (POR),2,58,2769,29.0,1384.5
677,Switzerland,10,Granit XHAKA,27.09.1992,MF,Arsenal (ENG),11,94,7703,8.545454545454545,700.2727272727273
678,Switzerland,11,Valon BEHRAMI,19.04.1985,MF,Udinese (ITA),1,47,3445,47.0,3445.0
679,Switzerland,12,Yvon MVOGO,06.06.1994,GK,RasenBallsport Leipzig (GER),0,0,0,0,0
680,Switzerland,13,Ricardo RODRIGUEZ,25.08.1992,DF,AC Milan (ITA),5,74,6438,14.8,1287.6
681,Switzerland,14,Steven ZUBER,17.08.1991,MF,1899 Hoffenheim (GER),6,54,4209,9.0,701.5
682,Switzerland,15,Blerim DZEMAILI,12.04.1986,MF,Bologna (ITA),16,73,6080,4.5625,380.0
683,Switzerland,16,Gelson FERNANDES,02.09.1986,MF,Eintracht Frankfurt (GER),0,50,3049,0,0
684,Switzerland,17,Denis ZAKARIA,20.11.1996,MF,Borussia Moenchengladbach (GER),5,67,5273,13.4,1054.6
685,Switzerland,18,Mario GAVRANOVIC,24.11.1989,FW,Dinamo Zagreb (CRO),14,82,6214,5.857142857142857,443.85714285714283
686,Switzerland,19,Josip DRMIC,08.08.1992,FW,Borussia Moenchengladbach (GER),5,31,1033,6.2,206.6
687,Switzerland,20,Johan DJOUROU,18.01.1987,DF,Antalyaspor (TUR),0,34,2837,0,0
688,Switzerland,21,Roman BUERKI,14.11.1990,GK,Borussia Dortmund (GER),0,0,0,0,0
689,Switzerland,22,Fabian SCHAER,20.12.1991,DF,Deportivo La Coruña (ESP),3,34,2803,11.333333333333334,934.3333333333334
690,Switzerland,23,Xherdan SHAQIRI,10.10.1991,MF,Stoke (ENG),9,60,4861,6.666666666666667,540.1111111111111
691,Tunisia,1,Farouk BEN MUSTAPHA,01.07.1989,GK,Al Shabab (KSA),0,0,0,0,0
692,Tunisia,2,Syam BEN YOUSSEF,31.03.1989,DF,Kasimpasa SK (TUR),0,45,3616,0,0
693,Tunisia,3,Yohan BEN ALOUANE,28.03.1987,DF,Leicester (ENG),0,35,2880,0,0
694,Tunisia,4,Yassine MERIAH,02.07.1993,DF,CS Sfaxien (TUN),0,49,4347,0,0
695,Tunisia,5,Oussama HADDADI,28.01.1992,DF,Dijon (FRA),6,63,5098,10.5,849.6666666666666
696,Tunisia,6,Rami BEDOUI,19.01.1990,DF,ES du Sahel (TUN),3,60,4924,20.0,1641.3333333333333
697,Tunisia,7,Saifeddine KHAOUI,27.04.1995,FW,Troyes (FRA),3,45,2229,15.0,743.0
698,Tunisia,8,Fakhreddine BEN YOUSSEF,23.06.1991,FW,Al Ittifaq (KSA),3,42,3335,14.0,1111.6666666666667
699,Tunisia,9,Anice BADRI,18.09.1990,MF,Esperance (TUN),19,63,4969,3.3157894736842106,261.5263157894737
700,Tunisia,10,Wahbi KHAZRI,08.02.1991,FW,Rennes (FRA),5,57,3549,11.4,709.8
701,Tunisia,11,Dylan BRONN,19.06.1995,DF,AA Gent (BEL),0,70,6094,0,0
702,Tunisia,12,Ali MAALOUL,01.01.1990,DF,Al Ahly Cairo (EGY),14,57,5145,4.071428571428571,367.5
703,Tunisia,13,Ferjani SASSI,18.03.1992,MF,Al Nasr (KSA),7,62,5122,8.857142857142858,731.7142857142857
704,Tunisia,14,Mohamed BEN AMOR,03.05.1992,MF,Al Ahli (KSA),3,52,4629,17.333333333333332,1543.0
705,Tunisia,15,Ahmed KHALIL,21.12.1994,FW,Club Africain (TUN),1,42,3573,42.0,3573.0
706,Tunisia,16,Aymen MATHLOUTHI,14.09.1984,GK,Al Batin Football Club (KSA),0,0,0,0,0
707,Tunisia,17,Ellyes SKHIRI,10.05.1995,MF,Montpellier (FRA),2,80,6981,40.0,3490.5
708,Tunisia,18,Bassem SRARFI,25.06.1997,FW,OGC Nice (FRA),4,53,2134,13.25,533.5
709,Tunisia,19,Saber KHALIFA,14.10.1986,FW,Club Africain (TUN),9,48,4008,5.333333333333333,445.3333333333333
710,Tunisia,20,Ghaylen CHAALELI,28.02.1994,FW,Esperance (TUN),6,54,4320,9.0,720.0
711,Tunisia,21,Hamdi NAGUEZ,28.10.1992,DF,Zamalek (EGY),11,46,4154,4.181818181818182,377.6363636363636
712,Tunisia,22,Mouez HASSEN,05.03.1995,GK,Chateauroux (FRA),0,0,0,0,0
713,Tunisia,23,Naim SLITI,27.07.1992,FW,Dijon (FRA),10,53,3486,5.3,348.6
714,Uruguay,1,Fernando MUSLERA,16.06.1986,GK,Galatasaray (TUR),0,0,0,0,0
715,Uruguay,2,Jose GIMENEZ,20.01.1995,DF,Atlético Madrid (ESP),3,67,4913,22.333333333333332,1637.6666666666667
716,Uruguay,3,Diego GODIN,16.02.1986,DF,Atlético Madrid (ESP),2,92,7931,46.0,3965.5
717,Uruguay,4,Guillermo VARELA,24.03.1993,DF,Peñarol (URU),0,40,3273,0,0
718,Uruguay,5,Carlos SANCHEZ,02.12.1984,MF,Monterrey (MEX),15,71,5264,4.733333333333333,350.93333333333334
719,Uruguay,6,Rodrigo BENTANCUR,25.06.1997,MF,Juventus (ITA),3,54,2912,18.0,970.6666666666666
720,Uruguay,7,Cristian RODRIGUEZ,30.09.1985,MF,Peñarol (URU),12,64,4950,5.333333333333333,412.5
721,Uruguay,8,Nahitan NANDEZ,28.12.1995,MF,Boca Juniors (ARG),12,97,7839,8.083333333333334,653.25
722,Uruguay,9,Luis SUAREZ,24.01.1987,FW,FC Barcelona (ESP),36,102,8749,2.8333333333333335,243.02777777777777
723,Uruguay,10,Giorgian DE ARRASCAETA,01.06.1994,FW,Cruzeiro (BRA),12,57,4322,4.75,360.1666666666667
724,Uruguay,11,Cristhian STUANI,12.10.1986,FW,Girona Futbol Club (ESP),0,61,4331,0,0
725,Uruguay,12,Martin CAMPANA,29.05.1989,GK,Independiente (ARG),0,0,0,0,0
726,Uruguay,13,Gaston SILVA,05.03.1994,DF,Independiente (ARG),2,45,3607,22.5,1803.5
727,Uruguay,14,Lucas TORREIRA,11.02.1996,MF,Sampdoria (ITA),4,74,6442,18.5,1610.5
728,Uruguay,15,Matias VECINO,24.08.1991,MF,Internazionale (ITA),7,71,5393,10.142857142857142,770.4285714285714
729,Uruguay,16,Maximiliano PEREIRA,08.06.1984,DF,FC Porto (POR),8,58,4619,7.25,577.375
730,Uruguay,17,Diego LAXALT,07.02.1993,MF,Genoa (ITA),7,73,6460,10.428571428571429,922.8571428571429
731,Uruguay,18,Maximiliano GOMEZ,14.08.1996,FW,Celta (ESP),17,87,7195,5.117647058823529,423.2352941176471
732,Uruguay,19,Sebastian COATES,07.10.1990,DF,Sporting CP (POR),6,97,8760,16.166666666666668,1460.0
733,Uruguay,20,Jonathan URRETAVISCAYA,19.03.1990,FW,Monterrey (MEX),24,71,5577,2.9583333333333335,232.375
734,Uruguay,21,Edinson CAVANI,14.02.1987,FW,Paris Saint-Germain (FRA),18,98,8094,5.444444444444445,449.6666666666667
735,Uruguay,22,Martin CACERES,07.04.1987,DF,Lazio (ITA),1,29,2361,29.0,2361.0
736,Uruguay,23,Martin SILVA,25.03.1983,GK,"Clube de Regatas Vasco da Gama
(BRA)",0,0,0,0,0
